Id,Label,timeset,Degree,Weighted Degree,Eccentricity,closnesscentrality,harmonicclosnesscentrality,betweenesscentrality,Authority,Hub,modularity_class,pageranks,componentnumber,eigencentrality,clustering,triangles
"ابراهيم الخليل",ابراهيم الخليل,,6,6,7,0.277553,0.296323,0,0.000658,0.000658,2,0.000194,1,0.004804,1,1
"علي بن عبد العزيز بن عمرو المعري",علي بن عبد العزيز بن عمرو المعري,,6,6,7,0.277553,0.296323,0,0.000658,0.000658,2,0.000194,1,0.004804,1,1
"نظام الملك",نظام الملك,,247,247,6,0.383792,0.43849,0.067247,0.03156,0.03156,2,0.001497,1,0.171382,0.048246,77
"ابراهيم بن اسماعيل الجرجاني، أبو اسحاق",ابراهيم بن اسماعيل الجرجاني، أبو اسحاق,,2,2,6,0.307598,0.330943,0,0.001658,0.001658,0,0.000164,1,0.009173,0,0
"أبو عامر الجرجاني",أبو عامر الجرجاني,,736,736,5,0.443986,0.525166,0.200671,0.121709,0.121709,0,0.002433,1,0.581064,0.02764,250
"ابراهيم بن خلف الأندلسي، أبو الحسين",ابراهيم بن خلف الأندلسي، أبو الحسين,,6,6,6,0.307724,0.331607,0,0.002539,0.002539,0,0.000192,1,0.014271,1,1
"المظفر بن علي معروف القصري أبو البدر",المظفر بن علي معروف القصري أبو البدر,,6,6,6,0.307724,0.331607,0,0.002539,0.002539,0,0.000192,1,0.014271,1,1
"ابراهيم بن سعيد، أبو اسحاق",ابراهيم بن سعيد، أبو اسحاق,,2,2,7,0.290846,0.30713,0,0.001323,0.001323,9,0.000163,1,0.005131,0,0
"الباخرزي",الباخرزي,,342,342,6,0.409907,0.460447,0.083343,0.097086,0.097086,9,0.000671,1,0.329307,0.081454,130
"ابراهيم بن عبد الرحمن المعري",ابراهيم بن عبد الرحمن المعري,,6,6,6,0.306596,0.324856,0,0.001532,0.001532,2,0.000169,1,0.009281,1,1
"المتنبي",المتنبي,,222,222,5,0.414648,0.457459,0.059394,0.043391,0.043391,10,0.000553,1,0.194632,0.10148,96
"ابراهيم بن عبد الله الطائي",ابراهيم بن عبد الله الطائي,,2,2,6,0.28383,0.300155,0,0.000694,0.000694,6,0.000166,1,0.002979,0,0
"يعقوب بن أحمد النيسابوري",يعقوب بن أحمد النيسابوري,,234,234,5,0.396107,0.446569,0.062517,0.050926,0.050926,6,0.001301,1,0.181023,0.044486,71
"ابراهيم بن عمر الجرباذقاني",ابراهيم بن عمر الجرباذقاني,,6,6,7,0.291409,0.311095,0,0.000975,0.000975,2,0.000171,1,0.006982,1,1
"العجم",العجم,,113,113,6,0.373883,0.410491,0.016977,0.016131,0.016131,0,0.000523,1,0.095073,0.14,42
"ابراهيم بن علي، أبو اسحاق",ابراهيم بن علي، أبو اسحاق,,12,12,6,0.317722,0.338513,0,0.023464,0.023464,5,0.000177,1,0.047067,1,3
"أبو جعفر البحاثي",أبو جعفر البحاثي,,707,707,5,0.443463,0.513302,0.194864,0.476283,0.476283,5,0.001616,1,1,0.036582,244
"أبو محمد العبدلكاني الزوزني",أبو محمد العبدلكاني الزوزني,,311,311,6,0.375561,0.423927,0.030985,0.361483,0.361483,5,0.000481,1,0.728976,0.119628,103
"أبو هلال العسكري",أبو هلال العسكري,,12,12,6,0.317722,0.338513,0,0.023464,0.023464,5,0.000177,1,0.047067,1,3
"ابراهيم بن محمد بن شعيب البكري",ابراهيم بن محمد بن شعيب البكري,,20,20,7,0.27342,0.291836,0,0.013711,0.013711,5,0.000187,1,0.027234,1,6
"مأمون خوارزم شاه أبو العباس",مأمون خوارزم شاه أبو العباس,,20,20,7,0.27342,0.291836,0,0.013711,0.013711,5,0.000187,1,0.027234,1,6
"محمد بن جراح البكري",محمد بن جراح البكري,,20,20,7,0.27342,0.291836,0,0.013711,0.013711,5,0.000187,1,0.027234,1,6
"نصر أبو المظفر صاحب الجيش",نصر أبو المظفر صاحب الجيش,,20,20,7,0.27342,0.291836,0,0.013711,0.013711,5,0.000187,1,0.027234,1,6
"ابراهيم بن المدبر",ابراهيم بن المدبر,,2,2,7,0.261549,0.273753,0,0.000249,0.000249,0,0.00017,1,0.001152,0,0
"البحتري",البحتري,,42,42,6,0.35402,0.385104,0.006952,0.018289,0.018289,0,0.000403,1,0.071523,0.244444,11
"ابراهيم بن نبال",ابراهيم بن نبال,,12,12,7,0.28097,0.298289,0,0.000695,0.000695,0,0.000182,1,0.005697,1,3
"طغرلبك",طغرلبك,,126,126,6,0.347806,0.385547,0.022397,0.009865,0.009865,0,0.000452,1,0.061728,0.110345,48
"فنا خسرو بن أبي طاهر بن بهاء الدولة",فنا خسرو بن أبي طاهر بن بهاء الدولة,,12,12,7,0.28097,0.298289,0,0.000695,0.000695,0,0.000182,1,0.005697,1,3
"يحيى بن نصر السعدي البغدادي",يحيى بن نصر السعدي البغدادي,,76,76,6,0.365712,0.401505,0.011852,0.014949,0.014949,0,0.000384,1,0.078634,0.183824,25
"ابن قاضي شهبة",ابن قاضي شهبة,,50,50,6,0.284366,0.30259,0,0.006228,0.006228,6,0.00018,1,0.032295,1,6
"البرهاني",البرهاني,,30,30,6,0.284366,0.30259,0,0.003148,0.003148,6,0.000178,1,0.017454,1,6
"تميم بن مفرج الطائي أبو كامل",تميم بن مفرج الطائي أبو كامل,,48,48,6,0.338731,0.36525,0.001021,0.010494,0.010494,6,0.00022,1,0.057872,0.428571,12
"السرخسي",السرخسي,,30,30,6,0.284366,0.30259,0,0.003148,0.003148,6,0.000178,1,0.017454,1,6
"ابن الأثير",ابن الأثير,,6,6,7,0.27342,0.29095,0,0.007545,0.007545,5,0.000179,1,0.01463,1,1
"أبو جعفر الأنداذي",أبو جعفر الأنداذي,,12,12,7,0.274818,0.293452,0.000451,0.007754,0.007754,5,0.000231,1,0.015471,0.333333,2
"أبو محمد الحمداني",أبو محمد الحمداني,,497,497,6,0.401814,0.474723,0.121398,0.127143,0.127143,3,0.001514,1,0.402201,0.031131,139
"أحمد بن ينفع أبو نصر",أحمد بن ينفع أبو نصر,,28,28,6,0.32954,0.353143,0.002226,0.009751,0.009751,0,0.000181,1,0.042352,0.6,6
"ابن أبي ربيعة",ابن أبي ربيعة,,42,42,6,0.267972,0.282891,0,0.000686,0.000686,1,0.000184,1,0.010782,1,15
"ابن الحجاج",ابن الحجاج,,54,54,6,0.269121,0.287096,0.006092,0.000719,0.000719,1,0.000269,1,0.011864,0.377778,17
"أحمد بن نيالتكين",أحمد بن نيالتكين,,44,44,6,0.317053,0.341036,0.006652,0.006879,0.006879,1,0.000186,1,0.023626,0.714286,15
"امرؤ القيس",امرؤ القيس,,70,70,6,0.318798,0.345153,0.016347,0.003259,0.003259,1,0.000355,1,0.026189,0.190476,20
"جرير",جرير,,54,54,6,0.299285,0.320872,0.00419,0.001836,0.001836,1,0.000195,1,0.01775,0.472222,17
"حسان (بن ثابت)",حسان (بن ثابت),,60,60,6,0.268737,0.286875,0.007385,0.000963,0.000963,1,0.000253,1,0.012823,0.345455,19
"الفرزدق",الفرزدق,,48,48,6,0.272826,0.289841,0.000521,0.000743,0.000743,1,0.000188,1,0.012161,0.761905,16
"ابن أبي سعد بن خلف",ابن أبي سعد بن خلف,,12,12,7,0.256909,0.271353,0,0.000473,0.000473,3,0.000184,1,0.003709,1,3
"ابن برهان النحوي",ابن برهان النحوي,,47,47,6,0.311543,0.339287,0.00195,0.008074,0.008074,3,0.00026,1,0.036364,0.218182,12
"ابن شبل البغدادي",ابن شبل البغدادي,,42,42,6,0.326398,0.351815,0.002145,0.008818,0.008818,0,0.000214,1,0.052207,0.464286,13
"أحمد بن علي الفقيه الشافعي أبو الفتح",أحمد بن علي الفقيه الشافعي أبو الفتح,,12,12,7,0.256909,0.271353,0,0.000473,0.000473,3,0.000184,1,0.003709,1,3
"ابن بابا",ابن بابا,,20,20,7,0.305105,0.332252,0,0.0058,0.0058,2,0.000185,1,0.025786,1,6
"أبو طالب الوحيد المصري",أبو طالب الوحيد المصري,,20,20,7,0.305105,0.332252,0,0.0058,0.0058,2,0.000185,1,0.025786,1,6
"غرس النعمة",غرس النعمة,,20,20,7,0.305105,0.332252,0,0.0058,0.0058,2,0.000185,1,0.025786,1,6
"ابن بابك",ابن بابك,,30,30,6,0.326965,0.351505,0,0.008075,0.008075,10,0.000179,1,0.046533,1,10
"ابن نباتة",ابن نباتة,,30,30,6,0.326965,0.351505,0,0.008075,0.008075,10,0.000179,1,0.046533,1,10
"أبو غانم القصري",أبو غانم القصري,,42,42,6,0.347485,0.376671,0.000189,0.011605,0.011605,10,0.000194,1,0.063168,0.607143,17
"أبو محمد المخزومي البصري",أبو محمد المخزومي البصري,,50,50,6,0.328391,0.355046,0.000439,0.012815,0.012815,10,0.000198,1,0.07394,0.571429,16
"ابن بشران",ابن بشران,,55,55,6,0.333629,0.368017,0.004311,0.012212,0.012212,3,0.000298,1,0.05733,0.242424,16
"القائم بأمر الله",القائم بأمر الله,,111,111,6,0.353355,0.387738,0.009426,0.017072,0.017072,9,0.000246,1,0.087994,0.245614,42
"يحيى بن علي الخطيب التبريزي",يحيى بن علي الخطيب التبريزي,,63,63,6,0.342273,0.374989,0.001387,0.012439,0.012439,2,0.000233,1,0.067682,0.363636,24
"أبو سعيد الكرابيسي",أبو سعيد الكرابيسي,,12,12,7,0.287844,0.312265,0,0.003787,0.003787,3,0.000182,1,0.014708,1,3
"عبد الله بن عبد الرزاق",عبد الله بن عبد الرزاق,,12,12,7,0.287844,0.312265,0,0.003787,0.003787,3,0.000182,1,0.014708,1,3
"محمد بن الحسين التمار الواسطي أبو الفرج",محمد بن الحسين التمار الواسطي أبو الفرج,,6,6,7,0.287734,0.311601,0,0.002763,0.002763,3,0.000169,1,0.010492,1,1
"صالح بن اسحاق الوراق",صالح بن اسحاق الوراق,,28,28,6,0.303997,0.325719,0.00025,0.004583,0.004583,6,0.00019,1,0.017652,0.466667,7
"ابن بديع الأصفهاني",ابن بديع الأصفهاني,,12,12,7,0.28906,0.312929,0,0.00367,0.00367,3,0.000192,1,0.013997,1,3
"أبو الفوائد",أبو الفوائد,,16,16,7,0.306721,0.330491,0.001934,0.003884,0.003884,3,0.000271,1,0.015743,0.3,3
"الزنج",الزنج,,12,12,7,0.28906,0.312929,0,0.00367,0.00367,3,0.000192,1,0.013997,1,3
"العزيز",العزيز,,20,20,7,0.287514,0.31242,0,0.005093,0.005093,3,0.000185,1,0.020514,1,6
"المطهر بن علي أبو المكارم",المطهر بن علي أبو المكارم,,20,20,7,0.287514,0.31242,0,0.005093,0.005093,3,0.000185,1,0.020514,1,6
"يوسف (النبي)",يوسف (النبي),,20,20,7,0.287514,0.31242,0,0.005093,0.005093,3,0.000185,1,0.020514,1,6
"أبو طالب بن حمد",أبو طالب بن حمد,,6,6,7,0.287295,0.311092,0,0.002848,0.002848,3,0.000169,1,0.010946,1,1
"أبو عبد الله المردوسي",أبو عبد الله المردوسي,,6,6,7,0.250332,0.264725,0,0.000255,0.000255,3,0.000194,1,0.001802,1,1
"أبو منصور بن بكران",أبو منصور بن بكران,,6,6,7,0.250332,0.264725,0,0.000255,0.000255,3,0.000194,1,0.001802,1,1
"محمد بن الحسن البصري أبو يعلى",محمد بن الحسن البصري أبو يعلى,,8,8,6,0.308986,0.333599,0,0.003649,0.003649,3,0.000169,1,0.020406,1,1
"ابن الجوزي",ابن الجوزي,,132,132,6,0.340878,0.372709,0.003154,0.124842,0.124842,5,0.000225,1,0.256193,0.416667,50
"أبو بكر العنبري",أبو بكر العنبري,,30,30,7,0.290173,0.31574,0,0.011737,0.011737,3,0.000181,1,0.035066,1,10
"عبد المنعم بن الحسين الصوري أبو المحاسن",عبد المنعم بن الحسين الصوري أبو المحاسن,,30,30,7,0.290173,0.31574,0,0.011737,0.011737,3,0.000181,1,0.035066,1,10
"علي بن محمد اللؤلئي",علي بن محمد اللؤلئي,,30,30,7,0.290173,0.31574,0,0.011737,0.011737,3,0.000181,1,0.035066,1,10
"المتصوفون",المتصوفون,,30,30,7,0.290173,0.31574,0,0.011737,0.011737,3,0.000181,1,0.035066,1,10
"أبو سعد الكاتب بن دوست",أبو سعد الكاتب بن دوست,,273,273,6,0.347165,0.387406,0.018651,0.319317,0.319317,5,0.000394,1,0.606769,0.209677,104
"الحسن بن مكرم أبو محمد",الحسن بن مكرم أبو محمد,,90,90,6,0.312968,0.338756,0,0.114578,0.114578,5,0.000176,1,0.218332,1,36
"حمد بن محمد الثوري",حمد بن محمد الثوري,,116,116,6,0.323454,0.350421,0.000203,0.145083,0.145083,5,0.000193,1,0.27828,0.666667,44
"فخر الدولة",فخر الدولة,,124,124,6,0.32527,0.354405,0.004124,0.137007,0.137007,5,0.000276,1,0.262363,0.457143,48
"قريش",قريش,,90,90,6,0.312968,0.338756,0,0.114578,0.114578,5,0.000176,1,0.218332,1,36
"محمد بن أحمد بن حبيب",محمد بن أحمد بن حبيب,,90,90,6,0.312968,0.338756,0,0.114578,0.114578,5,0.000176,1,0.218332,1,36
"منصور بن جلهنار",منصور بن جلهنار,,90,90,6,0.312968,0.338756,0,0.114578,0.114578,5,0.000176,1,0.218332,1,36
"النضيري",النضيري,,110,110,6,0.323037,0.349314,0.000134,0.135944,0.135944,5,0.000185,1,0.258871,0.781818,43
"أبو الحسن البصروي",أبو الحسن البصروي,,12,12,7,0.28995,0.314412,0,0.007058,0.007058,3,0.000178,1,0.020308,1,3
"الفضل بن عبد الله الهاشمي أبو المكارم",الفضل بن عبد الله الهاشمي أبو المكارم,,12,12,7,0.28995,0.314412,0,0.007058,0.007058,3,0.000178,1,0.020308,1,3
"ابن حبيب الآمدي",ابن حبيب الآمدي,,26,26,6,0.323871,0.349292,0,0.021064,0.021064,0,0.000177,1,0.067148,1,6
"حذيفة بن هارون الانصاري أبو الحسين",حذيفة بن هارون الانصاري أبو الحسين,,26,26,6,0.323871,0.349292,0,0.021064,0.021064,0,0.000177,1,0.067148,1,6
"أبو العباس الأندلسي",أبو العباس الأندلسي,,32,32,6,0.324569,0.351173,0.000162,0.028594,0.028594,0,0.000194,1,0.073725,0.666667,10
"عز الدولة بختيار",عز الدولة بختيار,,6,6,7,0.212172,0.220667,0,0.000015,0.000015,1,0.000193,1,0.0009,1,1
"المشطب الهمذاني",المشطب الهمذاني,,6,6,7,0.212172,0.220667,0,0.000015,0.000015,1,0.000193,1,0.0009,1,1
"طاهر المستوفي",طاهر المستوفي,,18,18,6,0.281706,0.299159,0.006431,0.001601,0.001601,9,0.0002,1,0.008854,0.4,4
"منصور بن الحسين الآبي أبو سعد",منصور بن الحسين الآبي أبو سعد,,16,16,7,0.223376,0.23672,0.006977,0.000047,0.000047,1,0.000396,1,0.001851,0.133333,2
"ابن حنبل",ابن حنبل,,6,6,8,0.185651,0.192234,0,0,0,1,0.00022,1,0.000486,1,1
"عبد الله بن محمد الأنصاري أبو اسماعيل",عبد الله بن محمد الأنصاري أبو اسماعيل,,8,8,8,0.185697,0.192898,0.001748,0,0,1,0.000303,1,0.000618,0.333333,1
"قسّ بن ساعدة الإيادي",قسّ بن ساعدة الإيادي,,8,8,7,0.227768,0.238636,0.005231,0.000023,0.000023,1,0.000233,1,0.000802,0.333333,1
"ابن خالويه",ابن خالويه,,30,30,7,0.242044,0.256156,0,0.000408,0.000408,2,0.000185,1,0.007095,1,10
"أبو أحمد بن نصر البازيار",أبو أحمد بن نصر البازيار,,30,30,7,0.242044,0.256156,0,0.000408,0.000408,2,0.000185,1,0.007095,1,10
"أشجع السلمي",أشجع السلمي,,30,30,7,0.242044,0.256156,0,0.000408,0.000408,2,0.000185,1,0.007095,1,10
"سيف الدولة",سيف الدولة,,90,90,6,0.316121,0.343116,0.012011,0.008314,0.008314,2,0.000227,1,0.054517,0.32967,30
"عاد",عاد,,30,30,7,0.242044,0.256156,0,0.000408,0.000408,2,0.000185,1,0.007095,1,10
"هارون الرشيد",هارون الرشيد,,42,42,7,0.250166,0.268004,0.004344,0.000454,0.000454,2,0.000268,1,0.008634,0.333333,12
"ابن خفاجة",ابن خفاجة,,2,2,9,0.178902,0.184694,0,0,0,2,0.000221,1,0.000149,0,0
"قيصر",قيصر,,4,4,8,0.217819,0.228039,0.001748,0.000013,0.000013,2,0.000274,1,0.00041,0,0
"ابن الدويدة المعري",ابن الدويدة المعري,,20,20,6,0.308354,0.333599,0,0.006017,0.006017,0,0.000181,1,0.035737,1,6
"ابن مسمر",ابن مسمر,,20,20,6,0.308354,0.333599,0,0.006017,0.006017,0,0.000181,1,0.035737,1,6
"أبو علي بن أبي الخير",أبو علي بن أبي الخير,,20,20,6,0.308354,0.333599,0,0.006017,0.006017,0,0.000181,1,0.035737,1,6
"أبو الكتائب البصري",أبو الكتائب البصري,,176,176,6,0.342117,0.375985,0.004359,0.042928,0.042928,0,0.000323,1,0.248807,0.193333,58
"ابن سيده",ابن سيده,,6,6,7,0.267116,0.280358,0,0.000502,0.000502,12,0.000171,1,0.003104,1,1
"أبو تمام",أبو تمام,,82,82,6,0.359943,0.391257,0.011498,0.018244,0.018244,0,0.000387,1,0.098781,0.169935,26
"طىء",طىء,,38,38,7,0.284366,0.304417,0.002552,0.006338,0.006338,12,0.000239,1,0.017469,0.277778,10
"ابن شافع الهاشمي",ابن شافع الهاشمي,,14,14,8,0.200854,0.211214,0.001748,0.000158,0.000158,12,0.000277,1,0.001539,0.5,3
"عبد الله الرزجاهي",عبد الله الرزجاهي,,2,2,9,0.167296,0.172907,0,0.000002,0.000002,12,0.000178,1,0.000188,0,0
"الشافعي",الشافعي,,12,12,8,0.2008,0.21055,0,0.000158,0.000158,12,0.000203,1,0.00141,1,3
"عبد الملك بن عبد الله الجويني أبو المعالي",عبد الملك بن عبد الله الجويني أبو المعالي,,28,28,7,0.250916,0.268962,0.013901,0.005479,0.005479,12,0.000318,1,0.011651,0.214286,6
"النعمان بن ثابت",النعمان بن ثابت,,12,12,8,0.2008,0.21055,0,0.000158,0.000158,12,0.000203,1,0.00141,1,3
"الزنادقة",الزنادقة,,30,30,6,0.324989,0.348495,0,0.008582,0.008582,0,0.000183,1,0.050078,1,10
"ابن فارس",ابن فارس,,12,12,6,0.319745,0.340837,0,0.022557,0.022557,5,0.000169,1,0.044863,1,3
"اسماعيل بن عباد",اسماعيل بن عباد,,56,56,6,0.354687,0.387118,0.007118,0.032334,0.032334,5,0.000308,1,0.082691,0.171429,18
"ابن كسلان",ابن كسلان,,20,20,7,0.24306,0.257165,0,0.000379,0.000379,10,0.00019,1,0.003796,1,6
"ابن مطرف",ابن مطرف,,20,20,7,0.24306,0.257165,0,0.000379,0.000379,10,0.00019,1,0.003796,1,6
"بنو العباس",بنو العباس,,44,44,6,0.310515,0.339464,0.00813,0.005396,0.005396,10,0.000352,1,0.033031,0.266667,12
"بنو علي",بنو علي,,32,32,7,0.265702,0.284266,0.001144,0.004965,0.004965,10,0.000212,1,0.013461,0.428571,9
"محمد بن عصام بن الاعمى الربعي",محمد بن عصام بن الاعمى الربعي,,20,20,7,0.24306,0.257165,0,0.000379,0.000379,10,0.00019,1,0.003796,1,6
"أبو الجوائز الهاشمي",أبو الجوائز الهاشمي,,3,3,7,0.286748,0.309543,0,0.002598,0.002598,3,0.000164,1,0.009401,0,0
"ابن كيغلغ",ابن كيغلغ,,6,6,6,0.279199,0.293205,0,0.000597,0.000597,1,0.000173,1,0.003534,1,1
"الثعالبي",الثعالبي,,164,164,5,0.383597,0.422067,0.044937,0.02854,0.02854,9,0.000573,1,0.118436,0.095238,60
"معاوية بن أبي سفيان",معاوية بن أبي سفيان,,28,28,6,0.285769,0.303851,0.003463,0.000697,0.000697,1,0.000289,1,0.006712,0.333333,7
"ابن لنكك",ابن لنكك,,30,30,7,0.278992,0.299997,0,0.001857,0.001857,2,0.000185,1,0.016075,1,10
"السري الرفاء",السري الرفاء,,30,30,7,0.278992,0.299997,0,0.001857,0.001857,2,0.000185,1,0.016075,1,10
"الفامي",الفامي,,30,30,7,0.278992,0.299997,0,0.001857,0.001857,2,0.000185,1,0.016075,1,10
"الوأواء الدمشقي",الوأواء الدمشقي,,30,30,7,0.278992,0.299997,0,0.001857,0.001857,2,0.000185,1,0.016075,1,10
"ابن ماني",ابن ماني,,20,20,6,0.308607,0.333931,0,0.006017,0.006017,0,0.000182,1,0.035756,1,6
"أبو الفرج الموفقي",أبو الفرج الموفقي,,20,20,6,0.308607,0.333931,0,0.006017,0.006017,0,0.000182,1,0.035756,1,6
"الحسين بن يحيى الحكاك المكي",الحسين بن يحيى الحكاك المكي,,22,22,6,0.308986,0.335038,0.000724,0.006024,0.006024,0,0.000205,1,0.035931,0.6,6
"ابن محمد الناصحي القاضي",ابن محمد الناصحي القاضي,,30,30,7,0.233706,0.245175,0,0.000052,0.000052,1,0.000186,1,0.004787,1,10
"أبو سهل العميد",أبو سهل العميد,,30,30,7,0.233706,0.245175,0,0.000052,0.000052,1,0.000186,1,0.004787,1,10
"أبو محمد الجويني",أبو محمد الجويني,,30,30,7,0.233706,0.245175,0,0.000052,0.000052,1,0.000186,1,0.004787,1,10
"الحسن بن أحمد أبو علي",الحسن بن أحمد أبو علي,,30,30,7,0.233706,0.245175,0,0.000052,0.000052,1,0.000186,1,0.004787,1,10
"محمد بن أحمد المختار الزوزني أبو جعفر",محمد بن أحمد المختار الزوزني أبو جعفر,,64,64,6,0.304365,0.326715,0.016446,0.001058,0.001058,1,0.000277,1,0.013636,0.197802,18
"مسعود بن مسعود (الامير)",مسعود بن مسعود (الامير),,30,30,7,0.233706,0.245175,0,0.000052,0.000052,1,0.000186,1,0.004787,1,10
"ابن المطرز",ابن المطرز,,12,12,7,0.289727,0.313128,0,0.003755,0.003755,3,0.000186,1,0.014324,1,3
"أبو حرب الدينوري",أبو حرب الدينوري,,18,18,7,0.289838,0.313792,0.000004,0.006338,0.006338,3,0.000214,1,0.023867,0.666667,4
"عبد الواحد بن محمد بن المطرز أبو القاسم",عبد الواحد بن محمد بن المطرز أبو القاسم,,14,14,6,0.315459,0.338601,0.000223,0.00433,0.00433,3,0.00019,1,0.017431,0.5,3
"ابن مقلة",ابن مقلة,,6,6,6,0.28458,0.301594,0,0.001153,0.001153,6,0.000172,1,0.005207,1,1
"اسماعيل بن حماد الجوهري أبو نصر",اسماعيل بن حماد الجوهري أبو نصر,,32,32,6,0.295063,0.31649,0.0001,0.005488,0.005488,6,0.00021,1,0.021477,0.533333,8
"ابن هانىء المغربي الأندلسي",ابن هانىء المغربي الأندلسي,,20,20,6,0.334815,0.359761,0,0.010121,0.010121,0,0.000176,1,0.047318,1,6
"أحمد بن عبد الله المعري أبو العلاء",أحمد بن عبد الله المعري أبو العلاء,,174,174,5,0.40593,0.44502,0.022432,0.068272,0.068272,0,0.000407,1,0.254293,0.16129,75
"محمد بن محمد بن صقلاب",محمد بن محمد بن صقلاب,,20,20,6,0.334815,0.359761,0,0.010121,0.010121,0,0.000176,1,0.047318,1,6
"ابن هندو",ابن هندو,,28,28,6,0.329396,0.361886,0.002106,0.008291,0.008291,3,0.000278,1,0.038206,0.333333,7
"الحسن بن علي الواسطي أبو الجوائز",الحسن بن علي الواسطي أبو الجوائز,,14,14,7,0.291747,0.317002,0,0.004913,0.004913,3,0.000174,1,0.018834,1,3
"عضد الدولة",عضد الدولة,,136,136,6,0.34845,0.382205,0.007934,0.040748,0.040748,10,0.000267,1,0.127922,0.263158,45
"أبو سعد بن علي بن سيف",أبو سعد بن علي بن سيف,,2,2,7,0.24786,0.261317,0,0.000113,0.000113,3,0.00017,1,0.00071,0,0
"أبو السماح",أبو السماح,,12,12,6,0.309113,0.33371,0,0.003641,0.003641,3,0.000186,1,0.020645,1,3
"محمد بن محمد الراميني أبو حنيفة",محمد بن محمد الراميني أبو حنيفة,,12,12,6,0.309113,0.33371,0,0.003641,0.003641,3,0.000186,1,0.020645,1,3
"أبو ابراهيم الميكالي",أبو ابراهيم الميكالي,,6,6,7,0.226671,0.236423,0,0.000158,0.000158,6,0.000207,1,0.000777,1,1
"أحمد بن علي أبو نصر",أحمد بن علي أبو نصر,,6,6,7,0.226671,0.236423,0,0.000158,0.000158,6,0.000207,1,0.000777,1,1
"عبد الله بن اسماعيل الميكالي أبو محمد",عبد الله بن اسماعيل الميكالي أبو محمد,,12,12,6,0.292882,0.313258,0.003492,0.007572,0.007572,6,0.000227,1,0.016567,0.333333,2
"أبو اسحاق العاصمي",أبو اسحاق العاصمي,,6,6,6,0.307472,0.328043,0,0.009935,0.009935,5,0.000191,1,0.020701,1,1
"عبد الله بن يحيى بن عبد الخالق أبو القاسم",عبد الله بن يحيى بن عبد الخالق أبو القاسم,,6,6,6,0.307472,0.328043,0,0.009935,0.009935,5,0.000191,1,0.020701,1,1
"أبو البدر المظفر",أبو البدر المظفر,,8,8,6,0.308354,0.332935,0.000387,0.002541,0.002541,0,0.000216,1,0.014443,0.333333,1
"أبو نصر الكندري",أبو نصر الكندري,,8,8,7,0.2526,0.265513,0.000013,0.000132,0.000132,0,0.000224,1,0.001483,0.333333,1
"عزة",عزة,,6,6,6,0.30785,0.331828,0,0.002539,0.002539,0,0.000187,1,0.014281,1,1
"أبو البركات الشامي",أبو البركات الشامي,,2,2,7,0.235533,0.245058,0,0.000187,0.000187,5,0.000178,1,0.000517,0,0
"حمد بن محمد التوزي",حمد بن محمد التوزي,,14,14,6,0.307975,0.329814,0.001748,0.013762,0.013762,5,0.000263,1,0.029194,0.5,3
"أبو بشر الخوارزمي",أبو بشر الخوارزمي,,20,20,6,0.325692,0.351749,0,0.00631,0.00631,6,0.000185,1,0.033601,1,6
"أبو عامر النسوي",أبو عامر النسوي,,26,26,6,0.325974,0.353077,0.001439,0.006349,0.006349,6,0.000233,1,0.034235,0.533333,8
"أبو الفضائل الخير",أبو الفضائل الخير,,20,20,6,0.325692,0.351749,0,0.00631,0.00631,6,0.000185,1,0.033601,1,6
"أبو بكر (الصديق)",أبو بكر (الصديق),,12,12,7,0.294947,0.312951,0,0.002911,0.002911,4,0.000175,1,0.012453,1,3
"أبو بكر الاسفزاري",أبو بكر الاسفزاري,,20,20,7,0.29669,0.316116,0.000513,0.003212,0.003212,4,0.000199,1,0.014139,0.4,4
"علي (رضي)",علي (رضي),,64,64,7,0.310772,0.336024,0.004458,0.00654,0.00654,4,0.000229,1,0.033211,0.318182,21
"عيسى (نبي الله)",عيسى (نبي الله),,14,14,6,0.265796,0.279283,0.000019,0.000633,0.000633,4,0.000184,1,0.003322,0.666667,2
"موسى (النبي)",موسى (النبي),,26,26,6,0.314536,0.338756,0.004852,0.010127,0.010127,4,0.000261,1,0.02359,0.190476,4
"أبو بكر البستي",أبو بكر البستي,,2,2,6,0.277348,0.29035,0,0.000389,0.000389,9,0.000164,1,0.002061,0,0
"أبو بكر الخسروي السرخسي",أبو بكر الخسروي السرخسي,,6,6,7,0.262004,0.27497,0,0.000674,0.000674,5,0.000194,1,0.002178,1,1
"قابوس بن وشمكير",قابوس بن وشمكير,,6,6,7,0.262004,0.27497,0,0.000674,0.000674,5,0.000194,1,0.002178,1,1
"أبو بكر الخطيب",أبو بكر الخطيب,,12,12,6,0.295642,0.313988,0,0.001845,0.001845,6,0.000184,1,0.009251,1,3
"أبو عبد الله الزنجفري",أبو عبد الله الزنجفري,,12,12,6,0.295642,0.313988,0,0.001845,0.001845,6,0.000184,1,0.009251,1,3
"أبو بكر الخوارزمي",أبو بكر الخوارزمي,,29,29,7,0.273123,0.294546,0.003787,0.010179,0.010179,9,0.000258,1,0.022033,0.333333,7
"أحمد بن ابراهيم الطالقاني أبو نصر",أحمد بن ابراهيم الطالقاني أبو نصر,,4,4,8,0.214713,0.225136,0.001748,0.000139,0.000139,9,0.000265,1,0.000607,0,0
"عبد الرحمن بن عيسى",عبد الرحمن بن عيسى,,12,12,7,0.260734,0.277471,0,0.0095,0.0095,9,0.000175,1,0.017799,1,3
"محمد بن أحمد بن الاشرس أبو الفتح",محمد بن أحمد بن الاشرس أبو الفتح,,39,39,6,0.292882,0.312506,0.003677,0.0192,0.0192,9,0.000223,1,0.039165,0.357143,10
"أبو عبيد الهروي",أبو عبيد الهروي,,30,30,7,0.262004,0.27964,0.000615,0.00169,0.00169,9,0.000207,1,0.007503,0.466667,7
"الحسين بن أحمد الطبسي",الحسين بن أحمد الطبسي,,15,15,7,0.260734,0.276099,0,0.001008,0.001008,9,0.00018,1,0.004854,1,3
"عبد الحميد بن يحيى أبو القاسم",عبد الحميد بن يحيى أبو القاسم,,116,116,6,0.349096,0.386056,0.026242,0.01773,0.01773,9,0.000593,1,0.059786,0.079365,30
"أبو بكر الشرمقاني",أبو بكر الشرمقاني,,12,12,6,0.30785,0.332271,0,0.003507,0.003507,0,0.000192,1,0.020073,1,3
"أبو عبد الله الجوهري",أبو عبد الله الجوهري,,12,12,6,0.30785,0.332271,0,0.003507,0.003507,0,0.000192,1,0.020073,1,3
"ذو القرنين بن ناصر الدولة أبو المطاع",ذو القرنين بن ناصر الدولة أبو المطاع,,12,12,6,0.30785,0.332271,0,0.003507,0.003507,0,0.000192,1,0.020073,1,3
"أبو بكر القهستاني",أبو بكر القهستاني,,260,260,5,0.409907,0.453807,0.056753,0.060409,0.060409,0,0.000461,1,0.268006,0.107308,116
"محمد بن محمود بن سبكتكين الغزنوي أبو أحمد",محمد بن محمود بن سبكتكين الغزنوي أبو أحمد,,54,54,6,0.330118,0.352368,0.002416,0.007694,0.007694,0,0.000204,1,0.0457,0.4,18
"عالي بن جبلة الغساني",عالي بن جبلة الغساني,,12,12,6,0.329252,0.351837,0,0.005248,0.005248,0,0.00017,1,0.02884,1,3
"أبو جوثة",أبو جوثة,,30,30,6,0.333777,0.357703,0,0.009103,0.009103,0,0.000178,1,0.051342,1,10
"الحجاف",الحجاف,,30,30,6,0.333777,0.357703,0,0.009103,0.009103,0,0.000178,1,0.051342,1,10
"قرواش بن المقلد أبو المنيع",قرواش بن المقلد أبو المنيع,,80,80,6,0.350396,0.384285,0.006489,0.016581,0.016581,0,0.000296,1,0.08794,0.241667,29
"الماهر الدمشقي",الماهر الدمشقي,,12,12,6,0.329252,0.351837,0,0.006131,0.006131,0,0.000167,1,0.034425,1,3
"أبو العباس الخوزاني",أبو العباس الخوزاني,,20,20,6,0.295758,0.312328,0,0.002727,0.002727,6,0.000178,1,0.015899,1,6
"أحمد بن الحسن الميمندي أبو القاسم",أحمد بن الحسن الميمندي أبو القاسم,,34,34,6,0.303752,0.323639,0.002887,0.004361,0.004361,6,0.00028,1,0.024848,0.333333,7
"محمود بن سبكتكين",محمود بن سبكتكين,,38,38,6,0.297393,0.316755,0.001653,0.004099,0.004099,6,0.000207,1,0.024631,0.428571,9
"المظفر بن الحسن الدامغاني أبو الفتح",المظفر بن الحسن الدامغاني أبو الفتح,,50,50,6,0.343522,0.370341,0.000894,0.011194,0.011194,6,0.000204,1,0.059929,0.5,18
"أبو الحسن الطولقي",أبو الحسن الطولقي,,6,6,6,0.301804,0.317618,0,0.002261,0.002261,0,0.000165,1,0.011378,1,1
"الاتراك",الاتراك,,160,160,6,0.394654,0.432979,0.019267,0.050249,0.050249,0,0.000309,1,0.22094,0.182336,64
"البلخي شرف السادة",البلخي شرف السادة,,20,20,6,0.31799,0.335967,0,0.005431,0.005431,0,0.000174,1,0.028337,1,6
"عبد الله بن سيف الدولة",عبد الله بن سيف الدولة,,20,20,6,0.31799,0.335967,0,0.005431,0.005431,0,0.000174,1,0.028337,1,6
"أبو طالب الأنصاري",أبو طالب الأنصاري,,6,6,6,0.291296,0.30633,0,0.001541,0.001541,5,0.000173,1,0.007246,1,1
"المرتضي الموسوي",المرتضي الموسوي,,18,18,6,0.327391,0.349513,0.000301,0.014992,0.014992,5,0.000219,1,0.035558,0.5,5
"الفرس",الفرس,,82,82,6,0.362542,0.394068,0.018935,0.021951,0.021951,4,0.000462,1,0.073111,0.133333,28
"أبو الفضل الميكالي",أبو الفضل الميكالي,,64,64,6,0.351869,0.379438,0.002064,0.037582,0.037582,4,0.000218,1,0.102385,0.409091,27
"علي بن موسى الموسوي أبو القاسم",علي بن موسى الموسوي أبو القاسم,,76,76,6,0.322484,0.345396,0.003467,0.011577,0.011577,9,0.00029,1,0.058859,0.409091,27
"محمد بن عبيد الله الحسيني البلخي",محمد بن عبيد الله الحسيني البلخي,,12,12,6,0.295991,0.312439,0,0.002985,0.002985,4,0.000169,1,0.013753,1,3
"أبو حفص البستي",أبو حفص البستي,,20,20,6,0.329396,0.352501,0,0.007076,0.007076,0,0.000177,1,0.038572,1,6
"أسعد بن اسماعيل البستي الفقيه أبو النجم",أسعد بن اسماعيل البستي الفقيه أبو النجم,,20,20,6,0.329396,0.352501,0,0.007076,0.007076,0,0.000177,1,0.038572,1,6
"ميمون الواسطي",ميمون الواسطي,,50,50,6,0.342273,0.372089,0.000904,0.018574,0.018574,3,0.000198,1,0.08209,0.464286,13
"باقل",باقل,,36,36,5,0.348934,0.373152,0.002347,0.028002,0.028002,0,0.000189,1,0.075749,0.619048,13
"مادر",مادر,,30,30,5,0.336762,0.358344,0,0.02697,0.02697,0,0.000177,1,0.071021,1,10
"محمد بن علي أبي طالب المكي",محمد بن علي أبي طالب المكي,,30,30,5,0.336762,0.358344,0,0.02697,0.02697,0,0.000177,1,0.071021,1,10
"بكر بن المستعين أبو القاسم",بكر بن المستعين أبو القاسم,,34,34,6,0.297982,0.317685,0.003494,0.003471,0.003471,0,0.000326,1,0.02242,0.47619,10
"الحسين بن علي بن ميكائيل أبو عبد الله",الحسين بن علي بن ميكائيل أبو عبد الله,,38,38,6,0.298573,0.319124,0.012155,0.003474,0.003474,0,0.000291,1,0.022784,0.392857,11
"عبد الحميد الكاتب",عبد الحميد الكاتب,,30,30,6,0.297746,0.316357,0,0.00347,0.00347,0,0.000184,1,0.022164,1,10
"أبو العباس المشطبي",أبو العباس المشطبي,,30,30,6,0.304735,0.323993,0,0.004971,0.004971,0,0.000182,1,0.029557,1,10
"أحمد بن محمد بن عميرة الخشمي",أحمد بن محمد بن عميرة الخشمي,,34,34,6,0.304982,0.325321,0.003494,0.004973,0.004973,0,0.000324,1,0.029815,0.47619,10
"الحسين بن أحمد الحسين الداريج",الحسين بن أحمد الحسين الداريج,,30,30,6,0.304735,0.323993,0,0.004971,0.004971,0,0.000182,1,0.029557,1,10
"العرب",العرب,,195,195,6,0.392801,0.433201,0.037039,0.035163,0.035163,0,0.000475,1,0.166172,0.114286,72
"عبد الرحمن بن محمد بن سعيد أبو منصور",عبد الرحمن بن محمد بن سعيد أبو منصور,,6,6,6,0.302046,0.321049,0,0.002275,0.002275,6,0.000168,1,0.0108,1,1
"أبو بكر اللاسلي",أبو بكر اللاسلي,,2,2,8,0.22832,0.236345,0,0.000039,0.000039,9,0.000177,1,0.000323,0,0
"محمد بن حسين طلحة أبو الحسن",محمد بن حسين طلحة أبو الحسن,,14,14,7,0.295758,0.313315,0.001748,0.002847,0.002847,9,0.000262,1,0.011914,0.5,3
"أبو بكر اليوسفي",أبو بكر اليوسفي,,20,20,6,0.313228,0.329681,0,0.003051,0.003051,0,0.000176,1,0.018147,1,6
"أبو بكر بن مقسم",أبو بكر بن مقسم,,110,110,6,0.324849,0.350288,0,0.186469,0.186469,5,0.000175,1,0.337274,1,45
"أبو حامد الاسفراييني",أبو حامد الاسفراييني,,146,146,6,0.372404,0.407946,0.006462,0.199269,0.199269,5,0.000221,1,0.394107,0.448529,61
"أحمد الجندي",أحمد الجندي,,110,110,6,0.324849,0.350288,0,0.186469,0.186469,5,0.000175,1,0.337274,1,45
"أحمد بن محمد بن نجدة",أحمد بن محمد بن نجدة,,110,110,6,0.324849,0.350288,0,0.186469,0.186469,5,0.000175,1,0.337274,1,45
"الشافعية",الشافعية,,146,146,6,0.328965,0.359141,0.019989,0.188746,0.188746,5,0.000225,1,0.345866,0.397059,54
"علي بن محمد أبو الحسن",علي بن محمد أبو الحسن,,110,110,6,0.324849,0.350288,0,0.186469,0.186469,5,0.000175,1,0.337274,1,45
"غريب الخادم",غريب الخادم,,125,125,6,0.325692,0.352501,0.000769,0.197845,0.197845,5,0.000191,1,0.358361,0.727273,48
"المأمون",المأمون,,110,110,6,0.324849,0.350288,0,0.186469,0.186469,5,0.000175,1,0.337274,1,45
"مسلم بن الوليد",مسلم بن الوليد,,20,20,6,0.334221,0.358433,0,0.008381,0.008381,0,0.000177,1,0.041792,1,6
"يوسف بن علي الفازري أبو نصر",يوسف بن علي الفازري أبو نصر,,22,22,6,0.343993,0.370031,0.000065,0.009052,0.009052,0,0.000182,1,0.044662,0.8,8
"الاشتر النخعي",الاشتر النخعي,,12,12,7,0.268258,0.281487,0,0.000676,0.000676,9,0.000183,1,0.004921,1,3
"سعدى",سعدى,,42,42,7,0.304365,0.326241,0.000735,0.005885,0.005885,9,0.000213,1,0.027785,0.5,14
"المرزوقي",المرزوقي,,12,12,7,0.268258,0.281487,0,0.000676,0.000676,9,0.000183,1,0.004921,1,3
"أحمد بن الحسن بن الامير الباخرزي",أحمد بن الحسن بن الامير الباخرزي,,2,2,7,0.264768,0.276396,0,0.000249,0.000249,0,0.000166,1,0.001632,0,0
"الحسن بن أبي الطيب أبو علي",الحسن بن أبي الطيب أبو علي,,6,6,6,0.295874,0.310027,0,0.000956,0.000956,9,0.000169,1,0.005539,1,1
"محمد بن عبد الله المطابي أبو بكر",محمد بن عبد الله المطابي أبو بكر,,6,6,6,0.294026,0.311111,0,0.001413,0.001413,6,0.00017,1,0.006918,1,1
"أبو جابر",أبو جابر,,20,20,7,0.265141,0.281929,0,0.002175,0.002175,0,0.000182,1,0.015094,1,6
"بنو عقيل",بنو عقيل,,20,20,7,0.265141,0.281929,0,0.002175,0.002175,0,0.000182,1,0.015094,1,6
"سليمان بن فهد الموصلي",سليمان بن فهد الموصلي,,20,20,7,0.265141,0.281929,0,0.002175,0.002175,0,0.000182,1,0.015094,1,6
"أبو العباس البوزجاني",أبو العباس البوزجاني,,12,12,6,0.309494,0.331806,0.00137,0.010105,0.010105,5,0.000216,1,0.021581,0.333333,2
"عبد الملك بن محمد الذريسكي",عبد الملك بن محمد الذريسكي,,6,6,7,0.242434,0.252628,0,0.000365,0.000365,5,0.000193,1,0.001142,1,1
"كمال الدولة",كمال الدولة,,12,12,6,0.334667,0.35622,0,0.016219,0.016219,4,0.00017,1,0.039595,1,3
"بنو جفنة",بنو جفنة,,12,12,6,0.308354,0.329548,0,0.013725,0.013725,5,0.000187,1,0.028899,1,3
"أبو الفضل علي بن أحمد العشمي أبو الحسين",أبو الفضل علي بن أحمد العشمي أبو الحسين,,12,12,6,0.308354,0.329548,0,0.013725,0.013725,5,0.000187,1,0.028899,1,3
"الغساسنة",الغساسنة,,18,18,6,0.311543,0.334042,0.003143,0.01375,0.01375,5,0.000219,1,0.029794,0.4,4
"الكافي العماني المجوسي",الكافي العماني المجوسي,,18,18,6,0.346048,0.372864,0.000424,0.016641,0.016641,0,0.000185,1,0.048035,0.4,4
"الأصمعي",الأصمعي,,20,20,6,0.307724,0.329371,0,0.018066,0.018066,5,0.000187,1,0.038312,1,6
"بنو تميم",بنو تميم,,20,20,6,0.307724,0.329371,0,0.018066,0.018066,5,0.000187,1,0.038312,1,6
"بنو قرّة",بنو قرّة,,20,20,6,0.307724,0.329371,0,0.018066,0.018066,5,0.000187,1,0.038312,1,6
"نعيم بن المفرج الطائي أبو كامل",نعيم بن المفرج الطائي أبو كامل,,20,20,6,0.307724,0.329371,0,0.018066,0.018066,5,0.000187,1,0.038312,1,6
"المهذب",المهذب,,12,12,6,0.30785,0.32915,0,0.01376,0.01376,5,0.00019,1,0.029062,1,3
"الرضي الموسوي (الشريف)",الرضي الموسوي (الشريف),,16,16,6,0.340108,0.366357,0.002525,0.016947,0.016947,3,0.00026,1,0.041433,0.3,3
"مهيار بن مرزويه أبو الحسين",مهيار بن مرزويه أبو الحسين,,12,12,6,0.336461,0.361023,0,0.016902,0.016902,3,0.00018,1,0.04072,1,3
"أبو الحسن القناد",أبو الحسن القناد,,42,42,6,0.309749,0.333466,0,0.030485,0.030485,10,0.00018,1,0.069315,1,15
"أبو القاسم المهلبي",أبو القاسم المهلبي,,42,42,6,0.309749,0.333466,0,0.030485,0.030485,10,0.00018,1,0.069315,1,15
"آل بويه",آل بويه,,42,42,6,0.309749,0.333466,0,0.030485,0.030485,10,0.00018,1,0.069315,1,15
"عبد العزيز بن يوسف أبو القاسم",عبد العزيز بن يوسف أبو القاسم,,44,44,6,0.319338,0.342873,0.000048,0.030905,0.030905,10,0.000184,1,0.070525,0.761905,16
"الفضل بن محمد الراوندي أبو الفضل",الفضل بن محمد الراوندي أبو الفضل,,42,42,6,0.309749,0.333466,0,0.030485,0.030485,10,0.00018,1,0.069315,1,15
"سعيد بن المدبجي أبو منصور",سعيد بن المدبجي أبو منصور,,6,6,6,0.317588,0.337849,0,0.017118,0.017118,5,0.000165,1,0.034227,1,1
"أحمد بن محمد بن أبي القصر أبو الفضل",أحمد بن محمد بن أبي القصر أبو الفضل,,2,2,6,0.307347,0.327379,0,0.006488,0.006488,5,0.000163,1,0.013404,0,0
"عبد الرحمن بن محمد السهرزوري",عبد الرحمن بن محمد السهرزوري,,6,6,6,0.307472,0.328043,0,0.009935,0.009935,5,0.000191,1,0.020701,1,1
"علي بن الحسن السلمي الحراني أبو الحسن",علي بن الحسن السلمي الحراني أبو الحسن,,6,6,6,0.307472,0.328043,0,0.009935,0.009935,5,0.000191,1,0.020701,1,1
"حمد بن محمد التوجي",حمد بن محمد التوجي,,2,2,6,0.307347,0.327379,0,0.006488,0.006488,5,0.000163,1,0.013404,0,0
"علي بن أحمد الزيركي الاستراباذي",علي بن أحمد الزيركي الاستراباذي,,6,6,6,0.307472,0.328043,0,0.009935,0.009935,5,0.000191,1,0.020701,1,1
"الفضل بن محمد الراوندي الزيركي أبو المظفر",الفضل بن محمد الراوندي الزيركي أبو المظفر,,6,6,6,0.307472,0.328043,0,0.009935,0.009935,5,0.000191,1,0.020701,1,1
"أبو سعد الأثيري الخوارزمي",أبو سعد الأثيري الخوارزمي,,24,24,6,0.317722,0.338513,0,0.04828,0.04828,5,0.000171,1,0.096565,1,3
"عبد الجليل أبو الحسن",عبد الجليل أبو الحسن,,24,24,6,0.317722,0.338513,0,0.04828,0.04828,5,0.000171,1,0.096565,1,3
"أبو الحسن الخوارزمي",أبو الحسن الخوارزمي,,2,2,6,0.307347,0.327379,0,0.006488,0.006488,5,0.000163,1,0.013404,0,0
"أبو نصر الخالدي النسفي",أبو نصر الخالدي النسفي,,20,20,6,0.319068,0.341169,0,0.030644,0.030644,5,0.000181,1,0.061966,1,6
"الحسن بن أحمد السمرقندي أبو محمد",الحسن بن أحمد السمرقندي أبو محمد,,53,53,6,0.325411,0.354183,0.013535,0.031411,0.031411,5,0.000538,1,0.06726,0.131868,12
"علي بن محمد الكسائي أبو الحسن",علي بن محمد الكسائي أبو الحسن,,20,20,6,0.319068,0.341169,0,0.030644,0.030644,5,0.000181,1,0.061966,1,6
"أبو حنيفة",أبو حنيفة,,22,22,6,0.324989,0.347012,0.001748,0.01927,0.01927,11,0.000249,1,0.046723,0.6,6
"السمعاني",السمعاني,,78,78,6,0.329685,0.355533,0.011754,0.019937,0.019937,11,0.000272,1,0.061479,0.409091,27
"العبشمي",العبشمي,,20,20,6,0.324849,0.346348,0,0.019267,0.019267,11,0.000178,1,0.046591,1,6
"محمد بن عبد الله الرزجاهي أبو عمرو",محمد بن عبد الله الرزجاهي أبو عمرو,,12,12,6,0.337366,0.362749,0,0.026289,0.026289,5,0.000167,1,0.058171,1,3
"محمد بن الحسن المروزي",محمد بن الحسن المروزي,,6,6,6,0.307472,0.328043,0,0.009935,0.009935,5,0.000191,1,0.020701,1,1
"محمد بن الحسين الكافي أبو نصر",محمد بن الحسين الكافي أبو نصر,,6,6,6,0.307472,0.328043,0,0.009935,0.009935,5,0.000191,1,0.020701,1,1
"عفيف بن محمد البوشنجي أبو الحسن",عفيف بن محمد البوشنجي أبو الحسن,,20,20,6,0.337517,0.363413,0,0.034019,0.034019,5,0.000175,1,0.07545,1,6
"يحيى بن يحيى بن منصور المطوعي البوشنجي",يحيى بن يحيى بن منصور المطوعي البوشنجي,,20,20,6,0.337517,0.363413,0,0.034019,0.034019,5,0.000175,1,0.07545,1,6
"أحمد بن الحسين الخطيب",أحمد بن الحسين الخطيب,,12,12,6,0.317722,0.338513,0,0.023464,0.023464,5,0.000177,1,0.047067,1,3
"المظفر بن علي أبو القاسم",المظفر بن علي أبو القاسم,,12,12,6,0.317722,0.338513,0,0.023464,0.023464,5,0.000177,1,0.047067,1,3
"فاخر السجزي القاص",فاخر السجزي القاص,,8,8,6,0.317588,0.337849,0,0.022825,0.022825,5,0.000165,1,0.045636,1,1
"أبو الحسين بن أبي علي بن جعفر بن أبي نوح",أبو الحسين بن أبي علي بن جعفر بن أبي نوح,,8,8,6,0.317856,0.338734,0.001748,0.017122,0.017122,5,0.000245,1,0.034372,0.333333,1
"أحمد بن محمد بن حمى بن علويه أبو الشريف",أحمد بن محمد بن حمى بن علويه أبو الشريف,,6,6,6,0.307472,0.328043,0,0.009935,0.009935,5,0.000191,1,0.020701,1,1
"عمر بن المظفر الطيب",عمر بن المظفر الطيب,,6,6,6,0.307472,0.328043,0,0.009935,0.009935,5,0.000191,1,0.020701,1,1
"عبد الله بن لكش العميد بغزنة أبو سهل",عبد الله بن لكش العميد بغزنة أبو سهل,,6,6,6,0.307472,0.328043,0,0.009935,0.009935,5,0.000191,1,0.020701,1,1
"عيسى بن حماد أبو علي",عيسى بن حماد أبو علي,,6,6,6,0.307472,0.328043,0,0.009935,0.009935,5,0.000191,1,0.020701,1,1
"أحمد بن عثمان الخشنامي",أحمد بن عثمان الخشنامي,,24,24,6,0.339189,0.363413,0.000347,0.043328,0.043328,5,0.000197,1,0.092187,0.5,5
"أبو نصر بن مشكان",أبو نصر بن مشكان,,58,58,6,0.371852,0.401859,0.007754,0.023218,0.023218,6,0.000352,1,0.083101,0.287879,19
"عبد الصمد الطبري أبو القاسم",عبد الصمد الطبري أبو القاسم,,30,30,6,0.340878,0.364896,0.005465,0.015998,0.015998,9,0.000242,1,0.043391,0.321429,9
"أبو القاسم العالمي الكرماني",أبو القاسم العالمي الكرماني,,6,6,6,0.307472,0.328043,0,0.009935,0.009935,5,0.000191,1,0.020701,1,1
"علي بن العلاء البستي أبو الحسين",علي بن العلاء البستي أبو الحسين,,6,6,6,0.307472,0.328043,0,0.009935,0.009935,5,0.000191,1,0.020701,1,1
"عرقوب",عرقوب,,30,30,6,0.330844,0.353586,0,0.027191,0.027191,4,0.000181,1,0.066452,1,10
"عمر بن علي المطوعي أبو حفص",عمر بن علي المطوعي أبو حفص,,34,34,6,0.331135,0.354914,0.003494,0.0272,0.0272,4,0.000323,1,0.066718,0.47619,10
"المرزباني",المرزباني,,30,30,6,0.330844,0.353586,0,0.027191,0.027191,4,0.000181,1,0.066452,1,10
"أبو نصر العمري",أبو نصر العمري,,2,2,6,0.307347,0.327379,0,0.006488,0.006488,5,0.000163,1,0.013404,0,0
"أبو سعيد الخداشي",أبو سعيد الخداشي,,20,20,6,0.317053,0.338889,0.002932,0.013773,0.013773,5,0.000313,1,0.029713,0.266667,4
"أبو نصر الكاتب",أبو نصر الكاتب,,12,12,6,0.30848,0.330035,0,0.013726,0.013726,5,0.000188,1,0.028943,1,3
"هاروت",هاروت,,18,18,6,0.30924,0.332027,0.00414,0.013737,0.013737,5,0.000235,1,0.029418,0.4,4
"أبو الحسن السعيدي",أبو الحسن السعيدي,,2,2,6,0.307347,0.327379,0,0.006488,0.006488,5,0.000163,1,0.013404,0,0
"القفطي",القفطي,,118,118,6,0.369661,0.403121,0.019413,0.036636,0.036636,9,0.000272,1,0.128997,0.267974,41
"محمد بن الحسن بن سليمان البحاثي أبو جعفر",محمد بن الحسن بن سليمان البحاثي أبو جعفر,,20,20,6,0.331864,0.35394,0,0.021507,0.021507,9,0.000175,1,0.053661,1,6
"محمد بن عيسى أبو علي",محمد بن عيسى أبو علي,,20,20,6,0.331864,0.35394,0,0.021507,0.021507,9,0.000175,1,0.053661,1,6
"طاهر البيهقي",طاهر البيهقي,,6,6,6,0.307472,0.328043,0,0.010617,0.010617,5,0.00017,1,0.022061,1,1
"أبو الحسن البخاري",أبو الحسن البخاري,,6,6,6,0.307472,0.328043,0,0.009935,0.009935,5,0.000191,1,0.020701,1,1
"أحمد بن الحسن الخطيب",أحمد بن الحسن الخطيب,,6,6,6,0.307472,0.328043,0,0.009935,0.009935,5,0.000191,1,0.020701,1,1
"أبو الحسن العامري",أبو الحسن العامري,,20,20,6,0.308228,0.330146,0,0.018534,0.018534,6,0.000183,1,0.039557,1,6
"أبو العباس العامري",أبو العباس العامري,,46,46,6,0.330118,0.356065,0.000891,0.030863,0.030863,6,0.000233,1,0.07079,0.388889,14
"بنو عامر",بنو عامر,,20,20,6,0.308228,0.330146,0,0.018534,0.018534,6,0.000183,1,0.039557,1,6
"زيد بن أسد العامري",زيد بن أسد العامري,,20,20,6,0.308228,0.330146,0,0.018534,0.018534,6,0.000183,1,0.039557,1,6
"أبو الحسين بن زيد",أبو الحسين بن زيد,,6,6,6,0.307975,0.328818,0,0.010363,0.010363,6,0.000168,1,0.021766,1,1
"أبو الفضل النوشجاني",أبو الفضل النوشجاني,,21,21,7,0.234506,0.248413,0.000809,0.000775,0.000775,9,0.000205,1,0.003853,0.4,4
"السيوطي",السيوطي,,15,15,7,0.230416,0.241978,0,0.000738,0.000738,9,0.000181,1,0.003061,1,3
"أبو جعفر بن البياضي",أبو جعفر بن البياضي,,12,12,6,0.290397,0.305489,0,0.00243,0.00243,2,0.000172,1,0.011452,1,3
"صرّ بعر",صرّ بعر,,32,32,6,0.315591,0.34502,0.000147,0.008465,0.008465,2,0.000196,1,0.039109,0.619048,13
"أبو نصر المتاح (المساح) القائني",أبو نصر المتاح (المساح) القائني,,46,46,6,0.341807,0.37479,0.003743,0.024819,0.024819,3,0.000237,1,0.093576,0.428571,12
"عدي بن عبد الله الجرجاني",عدي بن عبد الله الجرجاني,,38,38,6,0.331135,0.361133,0,0.02415,0.02415,3,0.000178,1,0.090369,1,10
"نوح بن اسماعيل أبو الحسن",نوح بن اسماعيل أبو الحسن,,30,30,6,0.331135,0.361133,0,0.020315,0.020315,3,0.000177,1,0.06999,1,10
"علي بن أبي طالب البلخي أبو الحسن",علي بن أبي طالب البلخي أبو الحسن,,6,6,7,0.290621,0.304838,0,0.004732,0.004732,9,0.000166,1,0.010419,1,1
"ياقوت الحموي",ياقوت الحموي,,104,104,6,0.369661,0.405091,0.013649,0.032317,0.032317,9,0.000376,1,0.118698,0.112319,31
"عبد الله بن العباس الطالبي",عبد الله بن العباس الطالبي,,6,6,7,0.286857,0.310207,0,0.002727,0.002727,3,0.000174,1,0.010144,1,1
"أبو الحرث الأصفهاني",أبو الحرث الأصفهاني,,12,12,6,0.315063,0.338424,0,0.004281,0.004281,0,0.000177,1,0.023116,1,3
"عبد القاهر بن عبد الرحمن الجرجاني",عبد القاهر بن عبد الرحمن الجرجاني,,44,44,6,0.334667,0.359517,0.00017,0.018767,0.018767,0,0.000227,1,0.101983,0.380952,8
"المظفر بن ابراهيم الجرجاني أبو مسعود",المظفر بن ابراهيم الجرجاني أبو مسعود,,2,2,7,0.245357,0.254664,0,0.000263,0.000263,11,0.000171,1,0.000756,0,0
"أبو حيان التوحيدي",أبو حيان التوحيدي,,6,6,7,0.284796,0.299747,0,0.00099,0.00099,9,0.000169,1,0.005357,1,1
"أبو الحسن الأوزاعي",أبو الحسن الأوزاعي,,6,6,7,0.286748,0.309543,0,0.005196,0.005196,3,0.000164,1,0.018802,0,0
"أبو الحسن الشيباني",أبو الحسن الشيباني,,2,2,6,0.307598,0.330943,0,0.001658,0.001658,0,0.000164,1,0.009173,0,0
"أبو الحسن الظفري",أبو الحسن الظفري,,30,30,7,0.271254,0.286479,0,0.001791,0.001791,9,0.000185,1,0.010545,1,10
"حمزة بن الحسين البرزهي أبو القاسم",حمزة بن الحسين البرزهي أبو القاسم,,30,30,7,0.271254,0.286479,0,0.001791,0.001791,9,0.000185,1,0.010545,1,10
"حمزة بن علي بن الحسن البرزهي",حمزة بن علي بن الحسن البرزهي,,30,30,7,0.271254,0.286479,0,0.001791,0.001791,9,0.000185,1,0.010545,1,10
"عبد الرحمن الهمذاني",عبد الرحمن الهمذاني,,30,30,7,0.271254,0.286479,0,0.001791,0.001791,9,0.000185,1,0.010545,1,10
"مهدي بن أحمد الخوافي",مهدي بن أحمد الخوافي,,42,42,7,0.272727,0.290796,0.008388,0.001808,0.001808,9,0.000265,1,0.011529,0.333333,12
"أبو الحسن المؤملي",أبو الحسن المؤملي,,2,2,6,0.28383,0.300155,0,0.000694,0.000694,6,0.000166,1,0.002979,0,0
"أبو الحسن النعيمي",أبو الحسن النعيمي,,6,6,7,0.254392,0.264634,0,0.000334,0.000334,9,0.000196,1,0.00137,1,1
"أحمد بن محمد العنبري السجزي أبو بكر",أحمد بن محمد العنبري السجزي أبو بكر,,6,6,7,0.254392,0.264634,0,0.000334,0.000334,9,0.000196,1,0.00137,1,1
"أبو الحسن بن السكري",أبو الحسن بن السكري,,12,12,7,0.302167,0.326086,0,0.004968,0.004968,3,0.000178,1,0.020116,1,3
"محمد بن علي",محمد بن علي,,12,12,7,0.302167,0.326086,0,0.004968,0.004968,3,0.000178,1,0.020116,1,3
"محمد بن ابراهيم السيمجوري أبو الحسن",محمد بن ابراهيم السيمجوري أبو الحسن,,2,2,7,0.241269,0.250348,0,0.000233,0.000233,5,0.000188,1,0.000558,0,0
"أبو الحسين بن نعمان الحاجب",أبو الحسين بن نعمان الحاجب,,12,12,7,0.287295,0.311535,0,0.003664,0.003664,3,0.00019,1,0.013989,1,3
"أبو كاليجار",أبو كاليجار,,21,21,7,0.287624,0.313527,0.005236,0.003668,0.003668,3,0.000299,1,0.014631,0.266667,4
"ذو السعادات بن فسانجس",ذو السعادات بن فسانجس,,12,12,7,0.287295,0.311535,0,0.003664,0.003664,3,0.00019,1,0.013989,1,3
"أبو دلف الخزرجي",أبو دلف الخزرجي,,12,12,7,0.247372,0.259995,0,0.000092,0.000092,2,0.000196,1,0.001972,1,3
"أبو عبد الله العلوي",أبو عبد الله العلوي,,12,12,7,0.247372,0.259995,0,0.000092,0.000092,2,0.000196,1,0.001972,1,3
"البتول",البتول,,12,12,7,0.247372,0.259995,0,0.000092,0.000092,2,0.000196,1,0.001972,1,3
"محمد (صلى الله عليه وسلم)",محمد (صلى الله عليه وسلم),,65,65,6,0.328248,0.358012,0.01531,0.003197,0.003197,2,0.000468,1,0.023537,0.081871,14
"أبو الفتح البستي",أبو الفتح البستي,,39,39,6,0.297982,0.321957,0.002215,0.021385,0.021385,6,0.000273,1,0.044879,0.277778,10
"ناصر الدين سبكتكين",ناصر الدين سبكتكين,,15,15,7,0.258941,0.27528,0,0.018341,0.018341,5,0.00017,1,0.032467,1,3
"أحمد بن علي بن اسماعيل الميكالي أبو نصر",أحمد بن علي بن اسماعيل الميكالي أبو نصر,,4,4,6,0.292427,0.311487,0,0.005044,0.005044,6,0.000167,1,0.01073,1,1
"محمد بن أحمد العلوي الحسيني أبو طالب",محمد بن أحمد العلوي الحسيني أبو طالب,,2,2,7,0.257788,0.27227,0,0.00435,0.00435,5,0.000163,1,0.00775,0,0
"أبو نصر الحداد",أبو نصر الحداد,,12,12,6,0.290846,0.307304,0,0.010103,0.010103,9,0.000171,1,0.020673,1,3
"محمد بن تمام أبو المظفر",محمد بن تمام أبو المظفر,,2,2,7,0.240806,0.250082,0,0.000188,0.000188,5,0.000175,1,0.000538,0,0
"بشار بن برد",بشار بن برد,,8,8,6,0.316121,0.339708,0.00117,0.001946,0.001946,5,0.000206,1,0.010225,0.333333,1
"محمد بن علي المعروف بخميس",محمد بن علي المعروف بخميس,,6,6,7,0.257877,0.26968,0,0.000321,0.000321,5,0.000197,1,0.001241,1,1
"أبو سعيد الطبسي",أبو سعيد الطبسي,,6,6,7,0.282234,0.296516,0,0.000733,0.000733,0,0.000191,1,0.004451,1,1
"أبو القاسم بن أبي العباس الاسفراييني",أبو القاسم بن أبي العباس الاسفراييني,,6,6,7,0.282234,0.296516,0,0.000733,0.000733,0,0.000191,1,0.004451,1,1
"أبو شجاع السهروردي",أبو شجاع السهروردي,,12,12,7,0.287844,0.311977,0,0.003948,0.003948,10,0.000175,1,0.015753,1,3
"تميم بن معد",تميم بن معد,,32,32,6,0.327819,0.359119,0.000347,0.008881,0.008881,10,0.000195,1,0.044623,0.666667,10
"تميم بن معز",تميم بن معز,,32,32,6,0.327819,0.359119,0.000347,0.008881,0.008881,10,0.000195,1,0.044623,0.666667,10
"أبو الشرف عماد",أبو الشرف عماد,,2,2,9,0.158027,0.162507,0,0,0,8,0.000179,1,0.000184,0,0
"أبو الفضل بديع الزمان",أبو الفضل بديع الزمان,,14,14,8,0.18764,0.195686,0.001748,0.000002,0.000002,8,0.000279,1,0.001263,0.5,3
"أبو طالب الهروي",أبو طالب الهروي,,2,2,7,0.272234,0.285398,0,0.00022,0.00022,0,0.000165,1,0.001668,0,0
"أبو طالب بن غيلان",أبو طالب بن غيلان,,6,6,7,0.242903,0.25511,0,0.00008,0.00008,4,0.000173,1,0.001533,1,1
"سليمان بن عبد الله النهرواني أبو عبد الله",سليمان بن عبد الله النهرواني أبو عبد الله,,40,40,7,0.275521,0.293875,0.004102,0.000651,0.000651,4,0.000357,1,0.008917,0.305556,11
"أبو طاهر الشيرازي",أبو طاهر الشيرازي,,6,6,7,0.218832,0.226981,0,0.000013,0.000013,11,0.000207,1,0.000572,1,1
"عمر بن الخطاب",عمر بن الخطاب,,12,12,6,0.279926,0.296215,0.003492,0.00063,0.00063,11,0.000227,1,0.004508,0.333333,2
"القاسم بن بدر أبو محمد",القاسم بن بدر أبو محمد,,6,6,7,0.218832,0.226981,0,0.000013,0.000013,11,0.000207,1,0.000572,1,1
"أبو طاهر القصاري",أبو طاهر القصاري,,6,6,8,0.223508,0.235676,0,0.000077,0.000077,3,0.000203,1,0.000805,1,1
"علي بن ابراهيم المبدع",علي بن ابراهيم المبدع,,6,6,8,0.223508,0.235676,0,0.000077,0.000077,3,0.000203,1,0.000805,1,1
"أبو الفتوح زعيم مكة",أبو الفتوح زعيم مكة,,20,20,6,0.31732,0.346149,0,0.005614,0.005614,2,0.000181,1,0.033997,1,6
"العبيديون",العبيديون,,20,20,6,0.31732,0.346149,0,0.005614,0.005614,2,0.000181,1,0.033997,1,6
"موسى الكاظم",موسى الكاظم,,50,50,6,0.323871,0.354405,0.005555,0.005968,0.005968,4,0.000212,1,0.039663,0.444444,16
"علي بن عبد الله الجويني",علي بن عبد الله الجويني,,6,6,6,0.308101,0.332271,0,0.002701,0.002701,6,0.000168,1,0.015299,1,1
"عبد الواحد بن الفضل بن أبي دلف العجلي",عبد الواحد بن الفضل بن أبي دلف العجلي,,2,2,6,0.307598,0.330943,0,0.001658,0.001658,0,0.000164,1,0.009173,0,0
"وشتاسف بن اسفنديار أبو العلاء",وشتاسف بن اسفنديار أبو العلاء,,24,24,6,0.320426,0.345772,0.006965,0.002355,0.002355,7,0.000199,1,0.014714,0.466667,7
"الطاهر الجزري",الطاهر الجزري,,2,2,6,0.307598,0.330943,0,0.001658,0.001658,0,0.000164,1,0.009173,0,0
"صاعد بن عيسى الحلبي",صاعد بن عيسى الحلبي,,2,2,6,0.307598,0.330943,0,0.001658,0.001658,0,0.000164,1,0.009173,0,0
"علي بن الخضر الواسطي",علي بن الخضر الواسطي,,12,12,6,0.307975,0.332492,0,0.003507,0.003507,0,0.000195,1,0.020087,1,3
"الفطيري",الفطيري,,14,14,6,0.308101,0.333156,0.001748,0.003508,0.003508,0,0.000268,1,0.020219,0.5,3
"ناصر الدولة",ناصر الدولة,,12,12,6,0.307975,0.332492,0,0.003507,0.003507,0,0.000195,1,0.020087,1,3
"شبل الدولة بن صالح",شبل الدولة بن صالح,,30,30,6,0.331426,0.355533,0,0.009686,0.009686,0,0.000178,1,0.052107,1,10
"محمد بن حمدون القنوع أبو الحسن",محمد بن حمدون القنوع أبو الحسن,,30,30,6,0.331426,0.355533,0,0.009686,0.009686,0,0.000178,1,0.052107,1,10
"المستنصر العبيدي",المستنصر العبيدي,,48,48,6,0.341962,0.369278,0.005009,0.020207,0.020207,0,0.000248,1,0.073686,0.355556,16
"أبو الفهم العثماني",أبو الفهم العثماني,,56,56,6,0.320426,0.346215,0,0.015278,0.015278,0,0.000178,1,0.089629,1,21
"الدزيري (الأمير)",الدزيري (الأمير),,56,56,6,0.320426,0.346215,0,0.015278,0.015278,0,0.000178,1,0.089629,1,21
"عبد الواحد بن أحمد البصري أبو الكتائب",عبد الواحد بن أحمد البصري أبو الكتائب,,56,56,6,0.320426,0.346215,0,0.015278,0.015278,0,0.000178,1,0.089629,1,21
"علي بن الحسن بن أبي العلاء الرحبي",علي بن الحسن بن أبي العلاء الرحبي,,56,56,6,0.320426,0.346215,0,0.015278,0.015278,0,0.000178,1,0.089629,1,21
"عمران الطولقي",عمران الطولقي,,68,68,6,0.320562,0.346879,0.00002,0.019661,0.019661,0,0.00019,1,0.115241,0.821429,23
"نبا بن أرسلان الحلبي أبو المذكور",نبا بن أرسلان الحلبي أبو المذكور,,12,12,6,0.308228,0.332935,0,0.005021,0.005021,0,0.000168,1,0.029561,1,3
"أبو الفضل المشتهى الدمشقي",أبو الفضل المشتهى الدمشقي,,6,6,6,0.308101,0.332271,0,0.003364,0.003364,0,0.000166,1,0.019487,1,1
"علي بن حمزة الاندلسي أبو الحسين",علي بن حمزة الاندلسي أبو الحسين,,2,2,6,0.307598,0.330943,0,0.001658,0.001658,0,0.000164,1,0.009173,0,0
"الحسن بن عبد العزيز الجرجاني أبو علي",الحسن بن عبد العزيز الجرجاني أبو علي,,2,2,6,0.307598,0.330943,0,0.001658,0.001658,0,0.000164,1,0.009173,0,0
"الحسن بن مالك",الحسن بن مالك,,6,6,6,0.307724,0.331607,0,0.002539,0.002539,0,0.000192,1,0.014271,1,1
"محمد بن أحمد القصاص أبو جعفر",محمد بن أحمد القصاص أبو جعفر,,6,6,6,0.307724,0.331607,0,0.002539,0.002539,0,0.000192,1,0.014271,1,1
"علي بن بامنصور الديلمي الحلبي",علي بن بامنصور الديلمي الحلبي,,6,6,6,0.307724,0.331607,0,0.002539,0.002539,0,0.000192,1,0.014271,1,1
"محمد بن أحمد بن الحسن الشطرنجي",محمد بن أحمد بن الحسن الشطرنجي,,6,6,6,0.307724,0.331607,0,0.002539,0.002539,0,0.000192,1,0.014271,1,1
"الموفق بن الخليل بن أحمد الشيباني",الموفق بن الخليل بن أحمد الشيباني,,6,6,6,0.315988,0.343382,0,0.003132,0.003132,2,0.00017,1,0.018241,1,1
"حذيفة بن الحسين العقيقي",حذيفة بن الحسين العقيقي,,42,42,6,0.330118,0.361421,0,0.017644,0.017644,0,0.00018,1,0.081003,1,15
"سعيد بن عبد الرحمن",سعيد بن عبد الرحمن,,42,42,6,0.330118,0.361421,0,0.017644,0.017644,0,0.00018,1,0.081003,1,15
"عبد الوهاب بن علي أبو نصر المالكي",عبد الوهاب بن علي أبو نصر المالكي,,42,42,6,0.330118,0.361421,0,0.017644,0.017644,0,0.00018,1,0.081003,1,15
"المالكية",المالكية,,42,42,6,0.330118,0.361421,0,0.017644,0.017644,0,0.00018,1,0.081003,1,15
"أبو محمد الواسطي الشافعي",أبو محمد الواسطي الشافعي,,2,2,6,0.307598,0.330943,0,0.001658,0.001658,0,0.000164,1,0.009173,0,0
"حمد بن محمد فورجة البروجردي أبو علي",حمد بن محمد فورجة البروجردي أبو علي,,6,6,6,0.317856,0.34139,0,0.003882,0.003882,0,0.000166,1,0.019488,1,1
"مطيار الاصفهاني أبو طاهر",مطيار الاصفهاني أبو طاهر,,2,2,6,0.307598,0.330943,0,0.001658,0.001658,0,0.000164,1,0.009173,0,0
"أبو الفتح الأصفهاني الكيا",أبو الفتح الأصفهاني الكيا,,2,2,6,0.307598,0.330943,0,0.001658,0.001658,0,0.000164,1,0.009173,0,0
"ديسم بن شاذكويه الكردي",ديسم بن شاذكويه الكردي,,12,12,6,0.311414,0.335901,0,0.003539,0.003539,0,0.000186,1,0.020382,1,3
"محمد بن الحسين أبو الحسين",محمد بن الحسين أبو الحسين,,12,12,6,0.311414,0.335901,0,0.003539,0.003539,0,0.000186,1,0.020382,1,3
"الموفق بن أحمد بن هبة الله الحسين أبو المقدم",الموفق بن أحمد بن هبة الله الحسين أبو المقدم,,32,32,6,0.336913,0.364852,0.010406,0.004647,0.004647,0,0.000313,1,0.027628,0.2,9
"أبو القاسم بن الجريش الضبي",أبو القاسم بن الجريش الضبي,,42,42,6,0.333925,0.361089,0.001358,0.009546,0.009546,6,0.0002,1,0.050296,0.619048,13
"أحمد بن محمد المهر خواستي الديلمي",أحمد بن محمد المهر خواستي الديلمي,,30,30,6,0.329396,0.355556,0,0.008852,0.008852,6,0.000182,1,0.046353,1,10
"الكيا الاصفهدوست الديلمي",الكيا الاصفهدوست الديلمي,,6,6,6,0.309749,0.333909,0,0.002741,0.002741,2,0.000167,1,0.015526,1,1
"الاسكافي الزنجاني",الاسكافي الزنجاني,,6,6,6,0.316387,0.340106,0,0.002817,0.002817,0,0.000168,1,0.016261,1,1
"هلال بن المظفر الزنجاني أبو علي",هلال بن المظفر الزنجاني أبو علي,,2,2,6,0.307598,0.330943,0,0.001658,0.001658,0,0.000164,1,0.009173,0,0
"علي بن الحسن الحسني الهمذاني أبو الحسن",علي بن الحسن الحسني الهمذاني أبو الحسن,,2,2,6,0.307598,0.330943,0,0.001658,0.001658,0,0.000164,1,0.009173,0,0
"شمس المعالي",شمس المعالي,,12,12,6,0.317186,0.34108,0,0.004314,0.004314,0,0.000182,1,0.021806,1,3
"الفضل بن محمد الجرجاني أبو بشر",الفضل بن محمد الجرجاني أبو بشر,,12,12,6,0.317186,0.34108,0,0.004314,0.004314,0,0.000182,1,0.021806,1,3
"أبو المجد",أبو المجد,,6,6,6,0.307724,0.331607,0,0.00287,0.00287,0,0.000169,1,0.01617,1,1
"الزمخشري",الزمخشري,,12,12,6,0.315063,0.340195,0,0.004708,0.004708,0,0.000172,1,0.025367,1,3
"أبو المحاسن",أبو المحاسن,,12,12,6,0.308228,0.333378,0.003492,0.002541,0.002541,0,0.00025,1,0.014745,0.333333,2
"كريم بن رافع الحمداني أبو الحسن",كريم بن رافع الحمداني أبو الحسن,,6,6,6,0.307975,0.33205,0,0.002539,0.002539,0,0.000182,1,0.014301,1,1
"أبو العلاء المهرقاني",أبو العلاء المهرقاني,,2,2,6,0.307598,0.330943,0,0.001658,0.001658,0,0.000164,1,0.009173,0,0
"محمد بن عبد الرحمن الصيدلاني أبو سعد",محمد بن عبد الرحمن الصيدلاني أبو سعد,,2,2,6,0.307598,0.330943,0,0.001658,0.001658,0,0.000164,1,0.009173,0,0
"معصوم بن أحمد المعصومي أبو محمد",معصوم بن أحمد المعصومي أبو محمد,,6,6,6,0.321795,0.344179,0,0.003236,0.003236,9,0.000166,1,0.016886,1,1
"مأمون بن علي بن ابراهيم الخوارزمي أبو بشر",مأمون بن علي بن ابراهيم الخوارزمي أبو بشر,,8,8,6,0.307975,0.332492,0.000362,0.001791,0.001791,6,0.000199,1,0.010404,0.666667,2
"أحمد بن علي الترمذي",أحمد بن علي الترمذي,,6,6,6,0.315988,0.343382,0,0.003132,0.003132,2,0.00017,1,0.018241,1,1
"أبو الفضل بن اسماعيل الجرجاني",أبو الفضل بن اسماعيل الجرجاني,,2,2,6,0.307598,0.330943,0,0.001658,0.001658,0,0.000164,1,0.009173,0,0
"يعقوب بن سلمان الاسفراييني",يعقوب بن سلمان الاسفراييني,,2,2,6,0.307598,0.330943,0,0.001658,0.001658,0,0.000164,1,0.009173,0,0
"علوة",علوة,,10,10,6,0.288506,0.305865,0,0.001957,0.001957,9,0.000176,1,0.008929,1,1
"محمد بن عبد الله الانصاري أبو طالب",محمد بن عبد الله الانصاري أبو طالب,,36,36,6,0.31206,0.336676,0.005774,0.006538,0.006538,9,0.000422,1,0.028395,0.194444,7
"الغوّاص",الغوّاص,,6,6,7,0.245998,0.257949,0,0.000166,0.000166,6,0.00019,1,0.001421,1,1
"أبو العباس الآبي",أبو العباس الآبي,,2,2,8,0.182634,0.189238,0,0.000001,0.000001,1,0.000183,1,0.000197,0,0
"حبيب بن أحمد الأندلسي",حبيب بن أحمد الأندلسي,,12,12,7,0.278682,0.29675,0,0.011178,0.011178,0,0.000172,1,0.023394,1,3
"أبو عبد الله البنداري الديلمي",أبو عبد الله البنداري الديلمي,,20,20,7,0.242982,0.255495,0,0.000089,0.000089,7,0.000193,1,0.002603,1,6
"أبو الوفا المافرّوخي",أبو الوفا المافرّوخي,,20,20,7,0.242982,0.255495,0,0.000089,0.000089,7,0.000193,1,0.002603,1,6
"بهرام الطباخ",بهرام الطباخ,,20,20,7,0.242982,0.255495,0,0.000089,0.000089,7,0.000193,1,0.002603,1,6
"علي بن أبي طالب الحسن المغربي أبو الحسن",علي بن أبي طالب الحسن المغربي أبو الحسن,,20,20,7,0.242982,0.255495,0,0.000089,0.000089,7,0.000193,1,0.002603,1,6
"أبو علي الطاهري",أبو علي الطاهري,,15,15,7,0.261277,0.277316,0,0.001733,0.001733,9,0.000185,1,0.006196,1,3
"نصر بن الحسن المرغيناني أبو الحسن",نصر بن الحسن المرغيناني أبو الحسن,,15,15,7,0.261277,0.277316,0,0.001733,0.001733,9,0.000185,1,0.006196,1,3
"أبو علي العاصمي",أبو علي العاصمي,,2,2,6,0.277348,0.29035,0,0.000389,0.000389,9,0.000164,1,0.002061,0,0
"أبو عيينة",أبو عيينة,,6,6,7,0.258941,0.272934,0,0.00037,0.00037,9,0.000193,1,0.002018,1,1
"أحمد بن محمد بن أبي عمرو الباذغيسي أبو نصر",أحمد بن محمد بن أبي عمرو الباذغيسي أبو نصر,,6,6,7,0.258941,0.272934,0,0.00037,0.00037,9,0.000193,1,0.002018,1,1
"بهرام كور",بهرام كور,,24,24,6,0.319068,0.342829,0.000226,0.0062,0.0062,0,0.00019,1,0.029593,0.533333,8
"أبو غانم الكاتب",أبو غانم الكاتب,,8,8,7,0.286857,0.310207,0,0.003561,0.003561,3,0.000184,1,0.013194,1,1
"عبد الله بن يحيى",عبد الله بن يحيى,,8,8,7,0.286857,0.310207,0,0.003561,0.003561,3,0.000184,1,0.013194,1,1
"سفيان الثوري",سفيان الثوري,,2,2,7,0.229643,0.239875,0,0.000291,0.000291,6,0.000167,1,0.000754,0,0
"أحمد بن الحسين أبو نصر",أحمد بن الحسين أبو نصر,,24,24,6,0.299523,0.317618,0.000846,0.001185,0.001185,9,0.0002,1,0.007228,0.4,6
"أبو الفتح الصميري",أبو الفتح الصميري,,2,2,9,0.184423,0.189745,0,0.000001,0.000001,9,0.000193,1,0.000163,0,0
"الحسن بن ابراهيم الصميري أبو الفتح",الحسن بن ابراهيم الصميري أبو الفتح,,8,8,8,0.226058,0.235793,0.001748,0.000042,0.000042,9,0.000294,1,0.000787,0.333333,1
"أبو الفتح مسعود",أبو الفتح مسعود,,6,6,8,0.214408,0.223139,0,0.000038,0.000038,9,0.000195,1,0.000822,1,1
"الحسين البيهقي الاديب",الحسين البيهقي الاديب,,6,6,8,0.214408,0.223139,0,0.000038,0.000038,9,0.000195,1,0.000822,1,1
"أبو الفتح بن مدبّر الأصفهاني",أبو الفتح بن مدبّر الأصفهاني,,12,12,6,0.278889,0.29243,0,0.000957,0.000957,6,0.000175,1,0.00552,1,3
"مسعود بن محمود (الغزنوي)",مسعود بن محمود (الغزنوي),,60,60,6,0.314405,0.33807,0.008294,0.002366,0.002366,6,0.000311,1,0.017634,0.133333,16
"أبو الفرج بن أبي سعد بن خلف",أبو الفرج بن أبي سعد بن خلف,,2,2,8,0.216069,0.224265,0,0.000009,0.000009,4,0.000169,1,0.000354,0,0
"اسماعيل بن علي العبديلي السهرزوري أبو الفضل",اسماعيل بن علي العبديلي السهرزوري أبو الفضل,,18,18,7,0.230628,0.242522,0.006965,0.000073,0.000073,8,0.00024,1,0.002119,0.4,4
"حمزة بن أبي سعد المفتي الهمذاني",حمزة بن أبي سعد المفتي الهمذاني,,12,12,8,0.187593,0.195022,0,0.000002,0.000002,8,0.000205,1,0.001134,1,3
"حمد بن علي الزعفراني أبو الفرج",حمد بن علي الزعفراني أبو الفرج,,12,12,8,0.187593,0.195022,0,0.000002,0.000002,8,0.000205,1,0.001134,1,3
"أبو الفضل الجلودي",أبو الفضل الجلودي,,6,6,8,0.182678,0.189902,0,0.000001,0.000001,1,0.000214,1,0.000528,1,1
"الحسن بن علي بن بابك البلخي",الحسن بن علي بن بابك البلخي,,6,6,8,0.182678,0.189902,0,0.000001,0.000001,1,0.000214,1,0.000528,1,1
"أبو الفضل الخيري",أبو الفضل الخيري,,14,14,6,0.316653,0.338225,0.000487,0.001668,0.001668,2,0.000191,1,0.010709,0.5,3
"علي بن أحمد الحكيمي البديهي",علي بن أحمد الحكيمي البديهي,,12,12,7,0.288175,0.308417,0,0.000992,0.000992,2,0.000185,1,0.007817,1,3
"القعقاع بن عمرو",القعقاع بن عمرو,,20,20,7,0.289615,0.307228,0,0.003448,0.003448,4,0.000174,1,0.015779,1,6
"محمد بن أبي يوسف الاسفزاري",محمد بن أبي يوسف الاسفزاري,,12,12,8,0.21763,0.228616,0.003492,0.000053,0.000053,9,0.000235,1,0.001399,0.333333,2
"أبو الفضل الهمذاني",أبو الفضل الهمذاني,,36,36,7,0.303629,0.328565,0.001649,0.01235,0.01235,3,0.000185,1,0.048652,0.466667,7
"الحسن بن أحمد الطبسي أبو سعيد",الحسن بن أحمد الطبسي أبو سعيد,,30,30,7,0.292087,0.31617,0,0.012152,0.012152,3,0.000177,1,0.046697,1,6
"عمر بن الحسن الرخجي أبو حفص",عمر بن الحسن الرخجي أبو حفص,,30,30,7,0.292087,0.31617,0,0.012152,0.012152,3,0.000177,1,0.046697,1,6
"أبو الفضل بن أبي منصور القمي",أبو الفضل بن أبي منصور القمي,,12,12,7,0.282234,0.301556,0,0.000951,0.000951,2,0.000189,1,0.007271,1,3
"بنو عمرو",بنو عمرو,,18,18,6,0.310004,0.33216,0.000567,0.001986,0.001986,2,0.000222,1,0.01191,0.4,4
"الحسن بن موسى القمي أبو غالب الراوستاني",الحسن بن موسى القمي أبو غالب الراوستاني,,14,14,7,0.282234,0.301556,0,0.00137,0.00137,2,0.000191,1,0.010167,1,3
"الكندري",الكندري,,2,2,8,0.234799,0.245192,0,0.000053,0.000053,3,0.000176,1,0.000382,0,0
"أبو القاسم الجويني",أبو القاسم الجويني,,2,2,7,0.233778,0.242576,0,0.000068,0.000068,0,0.00017,1,0.000608,0,0
"أبو القاسم الحذاء الخشكاني",أبو القاسم الحذاء الخشكاني,,2,2,6,0.28383,0.300155,0,0.000694,0.000694,6,0.000166,1,0.002979,0,0
"أبو القاسم الصروي",أبو القاسم الصروي,,12,12,7,0.286966,0.310871,0,0.003664,0.003664,3,0.000191,1,0.013927,1,3
"الحسن بن علي الجوهري أبو محمد",الحسن بن علي الجوهري أبو محمد,,12,12,7,0.286966,0.310871,0,0.003664,0.003664,3,0.000191,1,0.013927,1,3
"عمرو بن يحيى أبو عبد الله",عمرو بن يحيى أبو عبد الله,,12,12,7,0.286966,0.310871,0,0.003664,0.003664,3,0.000191,1,0.013927,1,3
"أبو القاسم المغربي",أبو القاسم المغربي,,12,12,6,0.291071,0.306817,0,0.002481,0.002481,0,0.000173,1,0.01174,1,3
"أبو القاسم بن أبي العلاء الاصفهاني",أبو القاسم بن أبي العلاء الاصفهاني,,6,6,7,0.286857,0.310207,0,0.002652,0.002652,3,0.000191,1,0.009821,1,1
"عمر بن أحمد الشيرازي أبو بكر",عمر بن أحمد الشيرازي أبو بكر,,6,6,7,0.286857,0.310207,0,0.002652,0.002652,3,0.000191,1,0.009821,1,1
"بهرام بن مافنّه أبو منصور",بهرام بن مافنّه أبو منصور,,3,3,8,0.223442,0.235012,0,0.000075,0.000075,3,0.000174,1,0.000567,0,0
"الحسن بن القاسم المعدوي أبو عبيد",الحسن بن القاسم المعدوي أبو عبيد,,6,6,7,0.235755,0.247328,0,0.000053,0.000053,0,0.000209,1,0.000777,1,1
"غياث بن محمد الدهستاني",غياث بن محمد الدهستاني,,6,6,7,0.235755,0.247328,0,0.000053,0.000053,0,0.000209,1,0.000777,1,1
"الرسي نقيب الطالبيين",الرسي نقيب الطالبيين,,6,6,7,0.286857,0.310207,0,0.002688,0.002688,3,0.000184,1,0.009954,1,1
"فارس بن الحسين الشهرزوري أبو شجاع",فارس بن الحسين الشهرزوري أبو شجاع,,8,8,7,0.286857,0.310207,0,0.004385,0.004385,3,0.00019,1,0.016091,1,1
"الحسين بن فضلان أبو علي",الحسين بن فضلان أبو علي,,2,2,7,0.286748,0.309543,0,0.001732,0.001732,3,0.000164,1,0.006267,0,0
"الحسن بن عمر التغلبي",الحسن بن عمر التغلبي,,12,12,7,0.286966,0.310871,0,0.003664,0.003664,3,0.000191,1,0.013927,1,3
"الحسين بن أحمد السنجاري",الحسين بن أحمد السنجاري,,12,12,7,0.286966,0.310871,0,0.003664,0.003664,3,0.000191,1,0.013927,1,3
"عز المعالي",عز المعالي,,12,12,7,0.286966,0.310871,0,0.003664,0.003664,3,0.000191,1,0.013927,1,3
"صدقة بن أحمد الضرير",صدقة بن أحمد الضرير,,20,20,7,0.287076,0.311535,0,0.004823,0.004823,3,0.000188,1,0.018919,1,6
"عمر بن أحمد الخلّال أبو القاسم",عمر بن أحمد الخلّال أبو القاسم,,20,20,7,0.287076,0.311535,0,0.004823,0.004823,3,0.000188,1,0.018919,1,6
"محمد بن عبد الله أبو المعالي",محمد بن عبد الله أبو المعالي,,20,20,7,0.287076,0.311535,0,0.004823,0.004823,3,0.000188,1,0.018919,1,6
"هبة الله بن الحسين أبو المكارم",هبة الله بن الحسين أبو المكارم,,20,20,7,0.287076,0.311535,0,0.004823,0.004823,3,0.000188,1,0.018919,1,6
"علي بن الحسن أبو منصور",علي بن الحسن أبو منصور,,20,20,7,0.311029,0.338193,0,0.006274,0.006274,2,0.000176,1,0.028893,1,6
"أبو يعلى (ممدوح)",أبو يعلى (ممدوح),,6,6,7,0.286857,0.310207,0,0.002652,0.002652,3,0.000191,1,0.009821,1,1
"محمد بن عمران",محمد بن عمران,,6,6,7,0.286857,0.310207,0,0.002652,0.002652,3,0.000191,1,0.009821,1,1
"محمد بن وشاح الكاتب البغدادي أبو علي",محمد بن وشاح الكاتب البغدادي أبو علي,,2,2,7,0.286748,0.309543,0,0.001732,0.001732,3,0.000164,1,0.006267,0,0
"أحمد بن محمد الموصلي أبو منصور",أحمد بن محمد الموصلي أبو منصور,,2,2,7,0.286748,0.309543,0,0.001732,0.001732,3,0.000164,1,0.006267,0,0
"عبد العزيز بن محمد الشيرازي أبو مسلم",عبد العزيز بن محمد الشيرازي أبو مسلم,,2,2,7,0.286748,0.309543,0,0.001732,0.001732,3,0.000164,1,0.006267,0,0
"الموحد بن محمد التستري أبو محمد",الموحد بن محمد التستري أبو محمد,,2,2,7,0.286748,0.309543,0,0.001732,0.001732,3,0.000164,1,0.006267,0,0
"الجمي",الجمي,,12,12,7,0.286857,0.310207,0,0.007122,0.007122,3,0.000177,1,0.026094,1,1
"سوري بن المعتز أبو الفضل",سوري بن المعتز أبو الفضل,,12,12,7,0.286857,0.310207,0,0.007122,0.007122,3,0.000177,1,0.026094,1,1
"قرا أرسلان بك",قرا أرسلان بك,,4,4,7,0.286966,0.310428,0.001748,0.001732,0.001732,3,0.000259,1,0.006409,0,0
"أبو محمد الدوغابازي",أبو محمد الدوغابازي,,2,2,7,0.271156,0.282527,0,0.000316,0.000316,6,0.000167,1,0.001346,0,0
"اسماعيل بن علي الخطيب البغدادي",اسماعيل بن علي الخطيب البغدادي,,20,20,7,0.275119,0.294824,0,0.026547,0.026547,5,0.000168,1,0.049651,1,6
"شمس الدين بن ممكان",شمس الدين بن ممكان,,12,12,6,0.301804,0.325631,0,0.004323,0.004323,0,0.000172,1,0.018202,1,3
"أبو محمد الفندورجي ناصح الدولة",أبو محمد الفندورجي ناصح الدولة,,74,74,6,0.315988,0.339841,0.002141,0.013658,0.013658,9,0.000224,1,0.062816,0.472727,26
"علي بن محمد الباسفري",علي بن محمد الباسفري,,6,6,7,0.272038,0.284917,0,0.000728,0.000728,4,0.000169,1,0.003608,1,1
"الشيعة",الشيعة,,86,86,6,0.315327,0.339597,0.006303,0.02044,0.02044,9,0.000253,1,0.071472,0.358974,28
"عبد الوهاب بن محمد الأزدي",عبد الوهاب بن محمد الأزدي,,56,56,6,0.309877,0.330677,0,0.012026,0.012026,9,0.000178,1,0.054995,1,21
"محمد بن ابراهيم الباخرزي أبو منصور",محمد بن ابراهيم الباخرزي أبو منصور,,76,76,6,0.312189,0.335193,0.003414,0.012321,0.012321,9,0.000207,1,0.057757,0.490909,27
"منصور بن محمد أبو القاسم",منصور بن محمد أبو القاسم,,56,56,6,0.309877,0.330677,0,0.012026,0.012026,9,0.000178,1,0.054995,1,21
"أبو محمد المرواني النسفي",أبو محمد المرواني النسفي,,6,6,7,0.245677,0.257674,0,0.000655,0.000655,5,0.000199,1,0.001842,1,1
"يحيى بن الحسن أبو زكريا النسفي",يحيى بن الحسن أبو زكريا النسفي,,6,6,7,0.245677,0.257674,0,0.000655,0.000655,5,0.000199,1,0.001842,1,1
"أبو المظفر الماثيرناباذي",أبو المظفر الماثيرناباذي,,6,6,7,0.258941,0.272934,0,0.00037,0.00037,9,0.000193,1,0.002018,1,1
"علي بن أبي معاذ المائير ناباذي",علي بن أبي معاذ المائير ناباذي,,6,6,7,0.258941,0.272934,0,0.00037,0.00037,9,0.000193,1,0.002018,1,1
"أبو منصور الورقاني",أبو منصور الورقاني,,6,6,7,0.272333,0.286062,0,0.000336,0.000336,0,0.000193,1,0.002779,1,1
"أبو نصر الجميلي الكاتب",أبو نصر الجميلي الكاتب,,6,6,7,0.272333,0.286062,0,0.000336,0.000336,0,0.000193,1,0.002779,1,1
"حمد بن محمد بن حسنيل الهمداني أبو الفرج",حمد بن محمد بن حسنيل الهمداني أبو الفرج,,10,10,7,0.2526,0.265955,0.003494,0.000098,0.000098,0,0.000363,1,0.001412,0.166667,1
"أحمد بن محمد القائني",أحمد بن محمد القائني,,6,6,7,0.254909,0.268823,0,0.000518,0.000518,3,0.000193,1,0.002447,1,1
"محمد بن أحمد بن محمد القائني أبو نصر",محمد بن أحمد بن محمد القائني أبو نصر,,6,6,7,0.254909,0.268823,0,0.000518,0.000518,3,0.000193,1,0.002447,1,1
"أبو نصر القائد المهلبي",أبو نصر القائد المهلبي,,6,6,7,0.259655,0.273225,0,0.000346,0.000346,0,0.000192,1,0.00248,1,1
"قرواش بن محمد",قرواش بن محمد,,6,6,7,0.259655,0.273225,0,0.000346,0.000346,0,0.000192,1,0.00248,1,1
"نصر بن ناصر الدين",نصر بن ناصر الدين,,2,2,7,0.271156,0.282527,0,0.000316,0.000316,6,0.000167,1,0.001346,0,0
"أبو نصر بن هارون النصراني",أبو نصر بن هارون النصراني,,56,56,6,0.302046,0.320009,0,0.006724,0.006724,10,0.000178,1,0.038817,1,21
"بنو أسد (قتلة المتنبي)",بنو أسد (قتلة المتنبي),,76,76,6,0.302167,0.320673,0.000278,0.010201,0.010201,10,0.00019,1,0.05486,0.821429,23
"شرف الدولة",شرف الدولة,,68,68,6,0.314799,0.334816,0.000687,0.007537,0.007537,10,0.000203,1,0.043685,0.577778,26
"فاتك الرومي (المجنون)",فاتك الرومي (المجنون),,68,68,6,0.302167,0.320673,0.000189,0.008082,0.008082,10,0.00019,1,0.045181,0.821429,23
"فاتك بن أبي جهل الأسدي",فاتك بن أبي جهل الأسدي,,56,56,6,0.302046,0.320009,0,0.006724,0.006724,10,0.000178,1,0.038817,1,21
"يوسف بن أحمد بن فنويه أبو القاسم",يوسف بن أحمد بن فنويه أبو القاسم,,56,56,6,0.302046,0.320009,0,0.006724,0.006724,10,0.000178,1,0.038817,1,21
"أبو هاشم العلوي الهمداني",أبو هاشم العلوي الهمداني,,12,12,7,0.264768,0.280393,0,0.004749,0.004749,5,0.000174,1,0.010197,1,3
"أبو الوزير الكسائي",أبو الوزير الكسائي,,2,2,7,0.237016,0.249099,0,0.000074,0.000074,10,0.000168,1,0.000678,0,0
"أبو يعلى القرشي الهروي",أبو يعلى القرشي الهروي,,30,30,7,0.297159,0.317887,0,0.005372,0.005372,9,0.000182,1,0.023849,1,10
"ريا",ريا,,30,30,7,0.297159,0.317887,0,0.005372,0.005372,9,0.000182,1,0.023849,1,10
"علي بن يحيى أبو القاسم",علي بن يحيى أبو القاسم,,30,30,7,0.297159,0.317887,0,0.005372,0.005372,9,0.000182,1,0.023849,1,10
"بنو عجل",بنو عجل,,22,22,7,0.296457,0.312076,0.000781,0.001368,0.001368,12,0.000187,1,0.008417,0.6,6
"أحمد الاعرابي",أحمد الاعرابي,,2,2,9,0.176802,0.182637,0,0.000002,0.000002,9,0.000219,1,0.000151,0,0
"أحمد بن أبي غسان بن حمزة الاموي",أحمد بن أبي غسان بن حمزة الاموي,,6,6,6,0.298691,0.314387,0,0.000952,0.000952,2,0.00017,1,0.005707,1,1
"أحمد بن الحسن أبو سهل",أحمد بن الحسن أبو سهل,,2,2,8,0.223045,0.233906,0,0.000024,0.000024,3,0.000218,1,0.000229,0,0
"الحسن الدهقاني القومسي",الحسن الدهقاني القومسي,,2,2,7,0.233055,0.241652,0,0.000059,0.000059,6,0.000168,1,0.000541,0,0
"محمد بن أبي العباس المشكاني",محمد بن أبي العباس المشكاني,,6,6,7,0.263471,0.278034,0,0.000451,0.000451,6,0.000173,1,0.002565,1,1
"حنظلة بن صفوان الحميري",حنظلة بن صفوان الحميري,,20,20,7,0.261368,0.27694,0,0.000691,0.000691,9,0.000189,1,0.004905,1,6
"خفاف بن ندبة",خفاف بن ندبة,,20,20,7,0.261368,0.27694,0,0.000691,0.000691,9,0.000189,1,0.004905,1,6
"قرواش بن عوف",قرواش بن عوف,,20,20,7,0.261368,0.27694,0,0.000691,0.000691,9,0.000189,1,0.004905,1,6
"علي بن محمد البغدادي أبو الحسن",علي بن محمد البغدادي أبو الحسن,,2,2,6,0.288838,0.30228,0,0.00093,0.00093,0,0.000163,1,0.003819,0,0
"اسماعيل بن عبد الرحمن الصابوني أبو عثمان",اسماعيل بن عبد الرحمن الصابوني أبو عثمان,,14,14,6,0.295178,0.311133,0.000651,0.001024,0.001024,2,0.000197,1,0.005796,0.5,3
"عبد الله بن محمد بن سنان الحلبي",عبد الله بن محمد بن سنان الحلبي,,12,12,6,0.293796,0.309053,0,0.00285,0.00285,0,0.000177,1,0.010974,1,3
"محمد بن علي بن حسول أبو العلاء",محمد بن علي بن حسول أبو العلاء,,18,18,6,0.310004,0.328154,0.000199,0.003986,0.003986,0,0.000188,1,0.016823,0.5,5
"فضلون",فضلون,,30,30,6,0.313489,0.33548,0,0.006701,0.006701,2,0.000176,1,0.036801,1,10
"أحمد بن عضد الدولة أبو الحسن",أحمد بن عضد الدولة أبو الحسن,,12,12,6,0.278682,0.293625,0,0.001034,0.001034,10,0.000177,1,0.006509,1,3
"بنو بويه",بنو بويه,,18,18,6,0.288616,0.305666,0.000263,0.001861,0.001861,10,0.000206,1,0.009814,0.5,5
"أحمد بن علي العامري",أحمد بن علي العامري,,6,6,6,0.293339,0.307902,0,0.000905,0.000905,10,0.000191,1,0.005125,1,1
"مهرة بن حيدان",مهرة بن حيدان,,6,6,6,0.293339,0.307902,0,0.000905,0.000905,10,0.000191,1,0.005125,1,1
"أحمد بن علي بن شعيب أبو مضر",أحمد بن علي بن شعيب أبو مضر,,6,6,7,0.245677,0.257674,0,0.000655,0.000655,5,0.000199,1,0.001842,1,1
"مروان بن محمد",مروان بن محمد,,6,6,7,0.245677,0.257674,0,0.000655,0.000655,5,0.000199,1,0.001842,1,1
"أحمد بن عمران أبو أيوب",أحمد بن عمران أبو أيوب,,6,6,6,0.304858,0.323927,0,0.001927,0.001927,6,0.000168,1,0.009269,1,1
"أحمد بن فورّجة البروجرذي",أحمد بن فورّجة البروجرذي,,56,56,7,0.258852,0.274151,0,0.001684,0.001684,11,0.000181,1,0.017956,1,21
"الاحنف بن قيس",الاحنف بن قيس,,68,68,7,0.264582,0.283027,0.000752,0.001935,0.001935,11,0.00021,1,0.020496,0.533333,24
"الاسكندر الرومي",الاسكندر الرومي,,58,58,7,0.272727,0.291349,0.000828,0.001726,0.001726,11,0.000188,1,0.01851,0.75,21
"عثمان (رضي)",عثمان (رضي),,74,74,6,0.285444,0.308433,0.007463,0.002261,0.002261,11,0.000284,1,0.022278,0.307692,24
"لهراسب",لهراسب,,56,56,7,0.258852,0.274151,0,0.001684,0.001684,11,0.000181,1,0.017956,1,21
"محمد بن حمد بن محمد",محمد بن حمد بن محمد,,56,56,7,0.258852,0.274151,0,0.001684,0.001684,11,0.000181,1,0.017956,1,21
"محمد بن عبد الله أبو الحسن",محمد بن عبد الله أبو الحسن,,56,56,7,0.258852,0.274151,0,0.001684,0.001684,11,0.000181,1,0.017956,1,21
"أحمد بن محمد الادمي البغدادي أبو طالب",أحمد بن محمد الادمي البغدادي أبو طالب,,2,2,6,0.28383,0.300155,0,0.000694,0.000694,6,0.000166,1,0.002979,0,0
"أحمد بن محمد الموري الاديبي",أحمد بن محمد الموري الاديبي,,2,2,7,0.27745,0.295659,0,0.00043,0.00043,2,0.000167,1,0.002987,0,0
"أحمد بن محمد النسفي أبو نصر",أحمد بن محمد النسفي أبو نصر,,2,2,7,0.245597,0.25701,0,0.000428,0.000428,5,0.00017,1,0.001058,0,0
"الحسين بن أحمد الزيادي أبو محمد",الحسين بن أحمد الزيادي أبو محمد,,2,2,7,0.233778,0.242576,0,0.000068,0.000068,0,0.00017,1,0.000608,0,0
"أحمد بن مزاحم العطار أبو غانم",أحمد بن مزاحم العطار أبو غانم,,6,6,7,0.292314,0.309698,0,0.002732,0.002732,9,0.000165,1,0.010823,1,1
"أحمد بن منصور الشرمقاني أبو بكر",أحمد بن منصور الشرمقاني أبو بكر,,6,6,6,0.287844,0.304759,0,0.001134,0.001134,9,0.000176,1,0.005126,1,1
"هبة الله بن محمد الرافعي أبو القاسم",هبة الله بن محمد الرافعي أبو القاسم,,20,20,6,0.308986,0.330522,0.000635,0.004558,0.004558,9,0.000222,1,0.019316,0.4,4
"حاتم الطائي",حاتم الطائي,,74,74,7,0.309113,0.331243,0.004455,0.00908,0.00908,9,0.000232,1,0.049194,0.454545,25
"عبيد الله بن سليمان بن وهب",عبيد الله بن سليمان بن وهب,,12,12,8,0.238972,0.250609,0,0.000309,0.000309,11,0.00018,1,0.003551,1,3
"عدي بن أخرم",عدي بن أخرم,,12,12,8,0.238972,0.250609,0,0.000309,0.000309,11,0.00018,1,0.003551,1,3
"أسعد بن علي البارع أبو القاسم",أسعد بن علي البارع أبو القاسم,,8,8,7,0.233706,0.24429,0.003492,0.000014,0.000014,1,0.000228,1,0.000943,0.333333,1
"البارع الزوزني",البارع الزوزني,,6,6,8,0.189529,0.195676,0,0,0,1,0.000217,1,0.000481,1,1
"عطاء ملك بن بهاء الدين الجويني",عطاء ملك بن بهاء الدين الجويني,,6,6,8,0.189529,0.195676,0,0,0,1,0.000217,1,0.000481,1,1
"أسعد بن مسعود أبو ابراهيم",أسعد بن مسعود أبو ابراهيم,,2,2,7,0.248024,0.258338,0,0.000272,0.000272,11,0.000164,1,0.001112,0,0
"اسماعيل بن أحمد العامري الشاشي",اسماعيل بن أحمد العامري الشاشي,,2,2,7,0.245517,0.25701,0,0.001866,0.001866,5,0.000163,1,0.003448,0,0
"اسماعيل بن حيدر العلوي أبو المحاسن",اسماعيل بن حيدر العلوي أبو المحاسن,,6,6,7,0.239885,0.250224,0,0.000426,0.000426,9,0.000191,1,0.002146,1,1
"عبد الجبار النيسابوري",عبد الجبار النيسابوري,,6,6,7,0.239885,0.250224,0,0.000426,0.000426,9,0.000191,1,0.002146,1,1
"جابر بن عبد الله",جابر بن عبد الله,,12,12,7,0.249503,0.262585,0,0.000118,0.000118,2,0.000194,1,0.00208,1,3
"الضحاك بن ناجم الانصاري",الضحاك بن ناجم الانصاري,,12,12,7,0.249503,0.262585,0,0.000118,0.000118,2,0.000194,1,0.00208,1,3
"قتلمش بن معتز الدولة",قتلمش بن معتز الدولة,,6,6,7,0.230346,0.240309,0,0.000072,0.000072,8,0.00018,1,0.001101,1,1
"اسماعيل بن محمد الجرباذقاني أبو الفضل",اسماعيل بن محمد الجرباذقاني أبو الفضل,,2,2,7,0.27745,0.295659,0,0.00043,0.00043,2,0.000167,1,0.002987,0,0
"اصبهان بن فلاح",اصبهان بن فلاح,,2,2,8,0.201714,0.208412,0,0.000001,0.000001,0,0.000193,1,0.000176,0,0
"ألب أرسلان السلطان السلجوقي",ألب أرسلان السلطان السلجوقي,,58,58,7,0.306971,0.327016,0.001748,0.008783,0.008783,9,0.000249,1,0.045716,0.75,21
"الصفدي",الصفدي,,56,56,7,0.306846,0.326352,0,0.008782,0.008782,9,0.00018,1,0.045589,1,21
"محمد بن عبد الله الحسيني العلوي أبو الحسن",محمد بن عبد الله الحسيني العلوي أبو الحسن,,56,56,7,0.306846,0.326352,0,0.008782,0.008782,9,0.00018,1,0.045589,1,21
"هاشم",هاشم,,56,56,7,0.306846,0.326352,0,0.008782,0.008782,9,0.00018,1,0.045589,1,21
"عبد الكريم بن هوازن القشيري أبو القاسم",عبد الكريم بن هوازن القشيري أبو القاسم,,2,2,8,0.234945,0.24357,0,0.00012,0.00012,9,0.000165,1,0.000882,0,0
"زلزل",زلزل,,6,6,7,0.241889,0.252941,0,0.000068,0.000068,1,0.000193,1,0.001251,1,1
"معبد",معبد,,6,6,7,0.241889,0.252941,0,0.000068,0.000068,1,0.000193,1,0.001251,1,1
"طرفة",طرفة,,2,2,7,0.241811,0.252277,0,0.000044,0.000044,1,0.000166,1,0.000668,0,0
"أنس بن مالك",أنس بن مالك,,20,20,6,0.302288,0.320496,0,0.004793,0.004793,9,0.000184,1,0.020178,1,6
"حمد بن علي النيرماني أبو المفاخر",حمد بن علي النيرماني أبو المفاخر,,20,20,6,0.302288,0.320496,0,0.004793,0.004793,9,0.000184,1,0.020178,1,6
"أنو شروان بن منوجهر",أنو شروان بن منوجهر,,12,12,6,0.294947,0.314431,0,0.001703,0.001703,6,0.000182,1,0.00903,1,3
"علي بن محمد بن معروف القصري أبو الحسن",علي بن محمد بن معروف القصري أبو الحسن,,12,12,6,0.294947,0.314431,0,0.001703,0.001703,6,0.000182,1,0.00903,1,3
"علي الباخرزي",علي الباخرزي,,6,6,7,0.291296,0.308348,0,0.002025,0.002025,9,0.000181,1,0.008107,1,1
"عيسى بن علي بن محمد",عيسى بن علي بن محمد,,12,12,7,0.291634,0.309897,0.005231,0.002027,0.002027,9,0.000251,1,0.008557,0.333333,2
"محمد بن عبد الملك الشالنجي",محمد بن عبد الملك الشالنجي,,12,12,7,0.295642,0.312651,0,0.002847,0.002847,9,0.000189,1,0.011783,1,3
"عثمان بن جني أبو الفتح",عثمان بن جني أبو الفتح,,12,12,6,0.311672,0.331275,0,0.004708,0.004708,9,0.000168,1,0.020468,1,3
"المنذر",المنذر,,2,2,7,0.290846,0.30713,0,0.001323,0.001323,9,0.000163,1,0.005131,0,0
"علي بن القاسم السنجاني أبو الحسن",علي بن القاسم السنجاني أبو الحسن,,12,12,7,0.29881,0.316436,0,0.003624,0.003624,9,0.000179,1,0.014779,1,3
"محمود بن سالم السنجاني",محمود بن سالم السنجاني,,12,12,7,0.29881,0.316436,0,0.003624,0.003624,9,0.000179,1,0.014779,1,3
"سحبان",سحبان,,28,28,6,0.294141,0.315162,0.009325,0.001681,0.001681,1,0.000225,1,0.00946,0.333333,7
"الفياض بن علي الهروي أبو القاسم",الفياض بن علي الهروي أبو القاسم,,2,2,7,0.261549,0.273753,0,0.000249,0.000249,0,0.00017,1,0.001152,0,0
"الحسن الناصحي أبو محمد",الحسن الناصحي أبو محمد,,2,2,7,0.261549,0.273753,0,0.000249,0.000249,0,0.00017,1,0.001152,0,0
"بختيار بن معز الدولة أبو منصور",بختيار بن معز الدولة أبو منصور,,6,6,7,0.263655,0.276785,0,0.000871,0.000871,10,0.000173,1,0.00359,1,1
"البساسيري",البساسيري,,14,14,7,0.278168,0.295678,0,0.000987,0.000987,9,0.000179,1,0.007712,1,3
"علي بن الحسين أبو القاسم",علي بن الحسين أبو القاسم,,12,12,7,0.278168,0.295678,0,0.000761,0.000761,9,0.000177,1,0.00619,1,3
"بكر",بكر,,20,20,7,0.282446,0.297844,0,0.001334,0.001334,0,0.000188,1,0.009184,1,6
"تغلب",تغلب,,20,20,7,0.282446,0.297844,0,0.001334,0.001334,0,0.000188,1,0.009184,1,6
"جساس بن مرة الشيباني",جساس بن مرة الشيباني,,20,20,7,0.282446,0.297844,0,0.001334,0.001334,0,0.000188,1,0.009184,1,6
"كليب وائل",كليب وائل,,20,20,7,0.282446,0.297844,0,0.001334,0.001334,0,0.000188,1,0.009184,1,6
"اللباني",اللباني,,2,2,7,0.229643,0.23825,0,0.000047,0.000047,0,0.00017,1,0.000515,0,0
"المخزومي",المخزومي,,2,2,7,0.229643,0.23825,0,0.000047,0.000047,0,0.00017,1,0.000515,0,0
"علي بن يحيى الكاتب أبو الحسن",علي بن يحيى الكاتب أبو الحسن,,12,12,7,0.258674,0.27258,0,0.001608,0.001608,10,0.000168,1,0.008077,1,3
"بنو سليم",بنو سليم,,14,14,6,0.294026,0.310558,0.005236,0.000906,0.000906,10,0.00033,1,0.005735,0.2,2
"بنو كلب",بنو كلب,,6,6,6,0.293682,0.308566,0,0.000905,0.000905,10,0.000184,1,0.005164,1,1
"بنو هلال",بنو هلال,,6,6,7,0.227355,0.235483,0,0.000019,0.000019,10,0.000212,1,0.000598,1,1
"كندة",كندة,,6,6,7,0.227355,0.235483,0,0.000019,0.000019,10,0.000212,1,0.000598,1,1
"رحمة الله بن اسماعيل القرشي الهروي أبو الغنائم",رحمة الله بن اسماعيل القرشي الهروي أبو الغنائم,,2,2,7,0.227286,0.234819,0,0.000012,0.000012,10,0.000182,1,0.000243,0,0
"بنو كلاب",بنو كلاب,,2,2,7,0.237016,0.249099,0,0.000074,0.000074,10,0.000168,1,0.000678,0,0
"الكوفيون",الكوفيون,,20,20,7,0.251839,0.26335,0,0.000706,0.000706,12,0.000184,1,0.005166,1,6
"يحيى بن عمرو",يحيى بن عمرو,,20,20,7,0.251839,0.26335,0,0.000706,0.000706,12,0.000184,1,0.005166,1,6
"زيد بن عبد الوهاب الاصفهاني أبو طاهر",زيد بن عبد الوهاب الاصفهاني أبو طاهر,,6,6,6,0.287954,0.305135,0,0.001081,0.001081,2,0.000177,1,0.004979,1,1
"بنو المهذب",بنو المهذب,,2,2,7,0.267876,0.281357,0,0.000204,0.000204,0,0.000166,1,0.00136,0,0
"تميم",تميم,,12,12,7,0.291183,0.307582,0,0.001074,0.001074,2,0.000183,1,0.007251,1,3
"قيس بن عاصم",قيس بن عاصم,,12,12,7,0.291183,0.307582,0,0.001074,0.001074,2,0.000183,1,0.007251,1,3
"ثابت بن هارون الرقي النصراني",ثابت بن هارون الرقي النصراني,,6,6,6,0.305353,0.32127,0,0.00147,0.00147,9,0.000167,1,0.007891,1,1
"عبد الجبار بن الحسين أبو المظفر",عبد الجبار بن الحسين أبو المظفر,,6,6,6,0.28097,0.296171,0,0.000632,0.000632,6,0.000169,1,0.003857,1,1
"الحسن بن أسد العامري أبو القاسم",الحسن بن أسد العامري أبو القاسم,,12,12,6,0.277553,0.291678,0,0.000822,0.000822,9,0.000192,1,0.005046,1,3
"الحسن بن الامير",الحسن بن الامير,,12,12,6,0.277553,0.291678,0,0.000822,0.000822,9,0.000192,1,0.005046,1,3
"منصور بن عبد الله البكسارغي",منصور بن عبد الله البكسارغي,,12,12,6,0.277553,0.291678,0,0.000822,0.000822,9,0.000192,1,0.005046,1,3
"جبرئيل بن محمد الاسفراييني أبو سعد",جبرئيل بن محمد الاسفراييني أبو سعد,,2,2,7,0.235607,0.246553,0,0.000048,0.000048,0,0.000178,1,0.000438,0,0
"جبلة بن الأيهم",جبلة بن الأيهم,,12,12,7,0.212053,0.221308,0,0.000028,0.000028,1,0.000185,1,0.001767,1,3
"الخنساء",الخنساء,,18,18,7,0.212113,0.221972,0.000873,0.000028,0.000028,1,0.000214,1,0.002277,0.666667,4
"صخر (أخو الخنساء)",صخر (أخو الخنساء),,18,18,7,0.212113,0.221972,0.000873,0.000028,0.000028,1,0.000214,1,0.002277,0.666667,4
"جعفر بن درستويه الفارسي",جعفر بن درستويه الفارسي,,2,2,7,0.245597,0.25701,0,0.000428,0.000428,5,0.00017,1,0.001058,0,0
"جعفر بن محمد النسفي أبو العباس",جعفر بن محمد النسفي أبو العباس,,2,2,7,0.245597,0.25701,0,0.000428,0.000428,5,0.00017,1,0.001058,0,0
"جعفر بن يحيى بن الحكاك أبو الفضل",جعفر بن يحيى بن الحكاك أبو الفضل,,10,10,7,0.255861,0.269193,0.001753,0.000504,0.000504,0,0.000281,1,0.00283,0.166667,1
"علي بن محمد الصليحي",علي بن محمد الصليحي,,6,6,7,0.255168,0.266869,0,0.000423,0.000423,0,0.00019,1,0.002058,1,1
"هود",هود,,2,2,8,0.203789,0.210415,0,0.000007,0.000007,0,0.000185,1,0.000192,0,0
"كعب بن مامة بن عمر الإيادي",كعب بن مامة بن عمر الإيادي,,6,6,7,0.245357,0.255695,0,0.000422,0.000422,9,0.000167,1,0.00309,1,1
"الحريري",الحريري,,12,12,7,0.239428,0.249965,0,0.000068,0.000068,6,0.000193,1,0.001774,1,3
"دبيس بن علي بن مزيد أبو الاعز",دبيس بن علي بن مزيد أبو الاعز,,12,12,7,0.239428,0.249965,0,0.000068,0.000068,6,0.000193,1,0.001774,1,3
"الفرنجة",الفرنجة,,12,12,7,0.239428,0.249965,0,0.000068,0.000068,6,0.000193,1,0.001774,1,3
"محمد بن عبد الجبار السمعاني أبو منصور",محمد بن عبد الجبار السمعاني أبو منصور,,6,6,7,0.241501,0.253181,0,0.000301,0.000301,5,0.000175,1,0.001501,1,1
"علي البركزدري",علي البركزدري,,6,6,8,0.22599,0.235129,0,0.000042,0.000042,9,0.000211,1,0.000655,1,1
"الحسن بن عبد الله",الحسن بن عبد الله,,6,6,7,0.222189,0.232404,0,0.000047,0.000047,11,0.000192,1,0.0012,1,1
"العثماني الشاعر",العثماني الشاعر,,6,6,7,0.222189,0.232404,0,0.000047,0.000047,11,0.000192,1,0.0012,1,1
"الحسن بن علي بن ميكائيل أبو عبد الله",الحسن بن علي بن ميكائيل أبو عبد الله,,2,2,8,0.205401,0.212751,0,0.000003,0.000003,0,0.000191,1,0.000185,0,0
"سعد بن محمد بن منصور أبو المحاسن",سعد بن محمد بن منصور أبو المحاسن,,8,8,7,0.258408,0.273323,0.001748,0.000206,0.000206,0,0.000275,1,0.002282,0.333333,1
"الحسن بن مهيار",الحسن بن مهيار,,2,2,8,0.216069,0.224265,0,0.000009,0.000009,4,0.000169,1,0.000354,0,0
"الحسين (رضي)",الحسين (رضي),,30,30,7,0.264489,0.279612,0,0.000586,0.000586,4,0.000186,1,0.007497,1,10
"العسكريان",العسكريان,,30,30,7,0.264489,0.279612,0,0.000586,0.000586,4,0.000186,1,0.007497,1,10
"علي الرّضا",علي الرّضا,,30,30,7,0.264489,0.279612,0,0.000586,0.000586,4,0.000186,1,0.007497,1,10
"الحسين بن ابراهيم بن طوق الموصلي",الحسين بن ابراهيم بن طوق الموصلي,,2,2,7,0.27745,0.295659,0,0.00043,0.00043,2,0.000167,1,0.002987,0,0
"الحسين بن الحسن الخطيبي الارموي",الحسين بن الحسن الخطيبي الارموي,,2,2,7,0.27745,0.295659,0,0.00043,0.00043,2,0.000167,1,0.002987,0,0
"الحسين بن علي الجنيدي العميد أبو سهل",الحسين بن علي الجنيدي العميد أبو سهل,,6,6,8,0.214103,0.222625,0,0.00002,0.00002,6,0.000199,1,0.000658,1,1
"الغزنويون",الغزنويون,,26,26,7,0.272234,0.28972,0.003778,0.00094,0.00094,6,0.00027,1,0.006419,0.238095,5
"فرخ زاد بن مسعود أبو شجاع",فرخ زاد بن مسعود أبو شجاع,,6,6,8,0.214103,0.222625,0,0.00002,0.00002,6,0.000199,1,0.000658,1,1
"عبد الجبار بن عبد الجليل",عبد الجبار بن عبد الجليل,,2,2,7,0.229994,0.23887,0,0.000047,0.000047,0,0.000168,1,0.000529,0,0
"الحسين بن علي بن نصر أبو المحاسن",الحسين بن علي بن نصر أبو المحاسن,,2,2,7,0.27745,0.295659,0,0.00043,0.00043,2,0.000167,1,0.002987,0,0
"حمزة السهمي",حمزة السهمي,,24,24,7,0.261549,0.275811,0,0.00931,0.00931,9,0.000178,1,0.019478,1,6
"الدولة الصفوية",الدولة الصفوية,,24,24,7,0.261549,0.275811,0,0.00931,0.00931,9,0.000178,1,0.019478,1,6
"عبد الله بن طاهر",عبد الله بن طاهر,,24,24,7,0.261549,0.275811,0,0.00931,0.00931,9,0.000178,1,0.019478,1,6
"حمزة بن منصور",حمزة بن منصور,,6,6,7,0.282022,0.30036,0,0.000676,0.000676,2,0.000181,1,0.004921,1,1
"السلاجقة",السلاجقة,,12,12,6,0.306098,0.327202,0.000375,0.001521,0.001521,2,0.000199,1,0.009534,0.333333,2
"الشعباني",الشعباني,,2,2,8,0.201714,0.208412,0,0.000001,0.000001,0,0.000193,1,0.000176,0,0
"حمير",حمير,,6,6,6,0.293796,0.308521,0,0.000933,0.000933,2,0.000173,1,0.005383,1,1
"ذو يزن",ذو يزن,,20,20,6,0.307222,0.32718,0.000266,0.002247,0.002247,2,0.000223,1,0.015158,0.5,5
"الخلال",الخلال,,8,8,9,0.167333,0.17346,0,0.000002,0.000002,12,0.000201,1,0.000664,1,1
"عبد الله بن يوسف الجويني أبو محمد",عبد الله بن يوسف الجويني أبو محمد,,10,10,8,0.200854,0.210771,0.003492,0.000075,0.000075,12,0.000214,1,0.000982,0.333333,1
"علي بن محمد الهمذاني أبو الحسن",علي بن محمد الهمذاني أبو الحسن,,8,8,9,0.167333,0.17346,0,0.000002,0.000002,12,0.000201,1,0.000664,1,1
"مي (محبوبة ذي الرمة)",مي (محبوبة ذي الرمة),,6,6,8,0.175076,0.180895,0,0.000001,0.000001,1,0.000182,1,0.000629,1,1
"الدولة الطغرلية",الدولة الطغرلية,,18,18,7,0.264582,0.281158,0.000023,0.000549,0.000549,0,0.000207,1,0.006105,0.666667,4
"محمد بن القاسم الجعدوي أبو زيد",محمد بن القاسم الجعدوي أبو زيد,,12,12,7,0.264489,0.280494,0,0.000348,0.000348,0,0.000179,1,0.004048,1,3
"محمد بن علي العقيلي أبو المعالي السلار",محمد بن علي العقيلي أبو المعالي السلار,,6,6,7,0.25823,0.272437,0,0.000213,0.000213,0,0.000174,1,0.00227,1,1
"ذو الرمة",ذو الرمة,,5,5,7,0.27745,0.295659,0,0.001075,0.001075,2,0.000167,1,0.007469,0,0
"عبد الله بن محمد بن بكر الجعفري الوزيري",عبد الله بن محمد بن بكر الجعفري الوزيري,,12,12,7,0.277962,0.29754,0,0.000947,0.000947,2,0.000192,1,0.007292,1,3
"كسرى",كسرى,,14,14,7,0.278168,0.298425,0.003492,0.000947,0.000947,2,0.000249,1,0.007428,0.5,3
"الرضا (الامام)",الرضا (الامام),,6,6,7,0.226602,0.238124,0,0.000055,0.000055,2,0.00017,1,0.001487,1,1
"الطالبيون",الطالبيون,,2,2,7,0.253877,0.264678,0,0.000231,0.000231,3,0.000175,1,0.000689,0,0
"الريباس أم كلثوم",الريباس أم كلثوم,,2,2,7,0.237915,0.248204,0,0.000089,0.000089,9,0.000171,1,0.000592,0,0
"الزباء",الزباء,,6,6,7,0.207267,0.21507,0,0.000008,0.000008,5,0.00019,1,0.000586,1,1
"سليمان (النبي)",سليمان (النبي),,12,12,7,0.239199,0.251676,0.000892,0.000289,0.000289,5,0.000238,1,0.001585,0.333333,2
"السموءل بن عادياء",السموءل بن عادياء,,18,18,7,0.24096,0.25499,0.001169,0.000095,0.000095,0,0.000239,1,0.00234,0.4,4
"زكريا بن الحسين الخوافي أبو يحيى",زكريا بن الحسين الخوافي أبو يحيى,,20,20,7,0.245517,0.258882,0,0.000121,0.000121,1,0.000189,1,0.003342,1,6
"الواثلي",الواثلي,,20,20,7,0.245517,0.258882,0,0.000121,0.000121,1,0.000189,1,0.003342,1,6
"زهير (الشاعر)",زهير (الشاعر),,12,12,7,0.26636,0.278986,0,0.000633,0.000633,4,0.000194,1,0.003352,1,3
"كعب بن زهير",كعب بن زهير,,12,12,7,0.26636,0.278986,0,0.000633,0.000633,4,0.000194,1,0.003352,1,3
"هرم بن سنان",هرم بن سنان,,12,12,7,0.26636,0.278986,0,0.000633,0.000633,4,0.000194,1,0.003352,1,3
"السامري",السامري,,6,6,7,0.239428,0.250215,0,0.000211,0.000211,4,0.000198,1,0.000965,1,1
"هارون (أخو موسى)",هارون (أخو موسى),,6,6,7,0.239428,0.250215,0,0.000211,0.000211,4,0.000198,1,0.000965,1,1
"منوجهر الزيادي فلك المعالي",منوجهر الزيادي فلك المعالي,,6,6,7,0.258319,0.272659,0,0.000206,0.000206,0,0.000194,1,0.00215,1,1
"ماروت",ماروت,,6,6,7,0.236941,0.247736,0,0.000287,0.000287,5,0.00019,1,0.001068,1,1
"علي بن عبد الله أبو القاسم الميكالي",علي بن عبد الله أبو القاسم الميكالي,,51,51,6,0.315459,0.342607,0.010116,0.003093,0.003093,0,0.000342,1,0.020978,0.166667,13
"المحسن بن أحمد الكاتب أبو الفتوح",المحسن بن أحمد الكاتب أبو الفتوح,,12,12,7,0.240345,0.252865,0,0.000089,0.000089,0,0.000192,1,0.001872,1,3
"مكتوم بن حي بن قتيبة أبو الابين",مكتوم بن حي بن قتيبة أبو الابين,,12,12,7,0.240345,0.252865,0,0.000089,0.000089,0,0.000192,1,0.001872,1,3
"محمد بن هبة الله الموفق أبو سهل",محمد بن هبة الله الموفق أبو سهل,,12,12,7,0.250249,0.264978,0,0.005464,0.005464,12,0.000178,1,0.010344,1,3
"شاه بن ابراهيم الكاثي أبو الفضل",شاه بن ابراهيم الكاثي أبو الفضل,,2,2,7,0.266172,0.277658,0,0.000299,0.000299,4,0.000166,1,0.001263,0,0
"شريح السجزي",شريح السجزي,,6,6,9,0.178817,0.185213,0,0.000001,0.000001,9,0.000208,1,0.000505,1,1
"صلاح النبي",صلاح النبي,,6,6,9,0.178817,0.185213,0,0.000001,0.000001,9,0.000208,1,0.000505,1,1
"علي بن هلال أبو الحسن",علي بن هلال أبو الحسن,,12,12,7,0.259745,0.275514,0,0.000363,0.000363,0,0.000183,1,0.004013,1,3
"محمد بن علي بن الحسين (ابن مقلة)",محمد بن علي بن الحسين (ابن مقلة),,12,12,7,0.259745,0.275514,0,0.000363,0.000363,0,0.000183,1,0.004013,1,3
"محمد بن ابراهيم المعدني أبو جعفر",محمد بن ابراهيم المعدني أبو جعفر,,2,2,7,0.258852,0.27227,0,0.000242,0.000242,9,0.000166,1,0.001168,0,0
"محمد بن الحسن أبو سهل",محمد بن الحسن أبو سهل,,2,2,7,0.258852,0.27227,0,0.000242,0.000242,9,0.000166,1,0.001168,0,0
"محمد بن عبد الله أبو المظفر",محمد بن عبد الله أبو المظفر,,6,6,7,0.28458,0.300632,0,0.001023,0.001023,9,0.000169,1,0.004608,1,1
"عبد الرحمن بن عبد القادر الفارسي أبو بكر",عبد الرحمن بن عبد القادر الفارسي أبو بكر,,2,2,7,0.27745,0.295659,0,0.00043,0.00043,2,0.000167,1,0.002987,0,0
"عبد الرحيم بن عبد الكريم القشيري أبو نصر",عبد الرحيم بن عبد الكريم القشيري أبو نصر,,2,2,8,0.200639,0.209001,0,0.000075,0.000075,12,0.000171,1,0.000336,0,0
"عبد الرزاق بن محمد الأندرابي",عبد الرزاق بن محمد الأندرابي,,2,2,7,0.266172,0.277658,0,0.000299,0.000299,4,0.000166,1,0.001263,0,0
"عبد الكريم السمعاني",عبد الكريم السمعاني,,2,2,7,0.243926,0.253171,0,0.000158,0.000158,9,0.000165,1,0.001093,0,0
"عبد الله بن جابر",عبد الله بن جابر,,2,2,7,0.27745,0.295659,0,0.00043,0.00043,2,0.000167,1,0.002987,0,0
"عبد الله بن الفقيه أبي صالح السراجي",عبد الله بن الفقيه أبي صالح السراجي,,2,2,7,0.239885,0.250873,0,0.000042,0.000042,0,0.000167,1,0.000538,0,0
"يحيى بن عمار القاص الهروي",يحيى بن عمار القاص الهروي,,2,2,9,0.156647,0.160867,0,0,0,1,0.000194,1,0.000161,0,0
"النابغة الذبياني",النابغة الذبياني,,15,15,6,0.297159,0.313369,0,0.001852,0.001852,0,0.000173,1,0.012413,1,3
"محمد بن علي الغالي السرخسي",محمد بن علي الغالي السرخسي,,2,2,7,0.272234,0.285398,0,0.00022,0.00022,0,0.000165,1,0.001668,0,0
"علي بن زناد",علي بن زناد,,2,2,7,0.282128,0.295852,0,0.000479,0.000479,0,0.000164,1,0.002759,0,0
"عزيزان بن محمد الخطاط النظامي أبو القاسم",عزيزان بن محمد الخطاط النظامي أبو القاسم,,6,6,7,0.277553,0.296323,0,0.000658,0.000658,2,0.000194,1,0.004804,1,1
"قارون",قارون,,6,6,7,0.277553,0.296323,0,0.000658,0.000658,2,0.000194,1,0.004804,1,1
"علي بن أحمد البخاري الخوارزمي",علي بن أحمد البخاري الخوارزمي,,2,2,7,0.27745,0.295659,0,0.00043,0.00043,2,0.000167,1,0.002987,0,0
"علي بن أحمد الكرجي أبو الحسن",علي بن أحمد الكرجي أبو الحسن,,6,6,7,0.252177,0.263963,0,0.000097,0.000097,0,0.000198,1,0.001116,1,1
"محمد بن منصور بن علي الكرجي",محمد بن منصور بن علي الكرجي,,6,6,7,0.252177,0.263963,0,0.000097,0.000097,0,0.000198,1,0.001116,1,1
"علي بن الازهر أبو محمد",علي بن الازهر أبو محمد,,2,2,6,0.28383,0.300155,0,0.000694,0.000694,6,0.000166,1,0.002979,0,0
"علي بن عبد الرحمن الشيباني أبو القاسم",علي بن عبد الرحمن الشيباني أبو القاسم,,2,2,6,0.28383,0.300155,0,0.000694,0.000694,6,0.000166,1,0.002979,0,0
"هارون بن أحمد الباخرزي",هارون بن أحمد الباخرزي,,3,3,7,0.247209,0.258667,0,0.000065,0.000065,2,0.000168,1,0.000907,0,0
"علي بن عبيد الله الشيرازي أبو طاهر",علي بن عبيد الله الشيرازي أبو طاهر,,2,2,7,0.27745,0.295659,0,0.00043,0.00043,2,0.000167,1,0.002987,0,0
"علي بن محمد الجزري",علي بن محمد الجزري,,2,2,7,0.222321,0.230333,0,0.000009,0.000009,1,0.00017,1,0.000295,0,0
"علي بن محمد الدقوري",علي بن محمد الدقوري,,6,6,7,0.277553,0.296323,0,0.000658,0.000658,2,0.000194,1,0.004804,1,1
"مهدي بن الفضل بن الاشرف العلوي",مهدي بن الفضل بن الاشرف العلوي,,6,6,7,0.277553,0.296323,0,0.000658,0.000658,2,0.000194,1,0.004804,1,1
"علي بن نصر القزويني أبو القاسم",علي بن نصر القزويني أبو القاسم,,2,2,6,0.28383,0.300155,0,0.000694,0.000694,6,0.000166,1,0.002979,0,0
"عمر بن الحاكم أبو عبد الرحمن",عمر بن الحاكم أبو عبد الرحمن,,6,6,6,0.283937,0.300819,0,0.001062,0.001062,6,0.000194,1,0.004789,1,1
"محمد بن محمد المعروف بالاشقر",محمد بن محمد المعروف بالاشقر,,6,6,6,0.283937,0.300819,0,0.001062,0.001062,6,0.000194,1,0.004789,1,1
"المطوعة",المطوعة,,2,2,7,0.248843,0.258635,0,0.000371,0.000371,4,0.00017,1,0.001033,0,0
"محمد بن علي البادغوسي",محمد بن علي البادغوسي,,2,2,7,0.248843,0.258635,0,0.000371,0.000371,4,0.00017,1,0.001033,0,0
"منصور أبو المظفر",منصور أبو المظفر,,12,12,7,0.245677,0.258186,0,0.000202,0.000202,6,0.00018,1,0.002682,1,3
"فرخي سيستاني",فرخي سيستاني,,6,6,7,0.267401,0.280203,0,0.000468,0.000468,6,0.000175,1,0.002318,1,1
"القاسم بن أحمد بن علي السابزواري أبو جعفر",القاسم بن أحمد بن علي السابزواري أبو جعفر,,2,2,6,0.28383,0.300155,0,0.000694,0.000694,6,0.000166,1,0.002979,0,0
"اللوكري",اللوكري,,6,6,8,0.200213,0.208996,0,0.000009,0.000009,2,0.000195,1,0.000775,1,1
"مقالد بن عبد الكريم الخوارزمي أبو النجم",مقالد بن عبد الكريم الخوارزمي أبو النجم,,6,6,8,0.200213,0.208996,0,0.000009,0.000009,2,0.000195,1,0.000775,1,1
"محمد بن كمال الدولة أبو المحاسن",محمد بن كمال الدولة أبو المحاسن,,6,6,6,0.296573,0.311886,0,0.000908,0.000908,1,0.000167,1,0.00552,1,1
"المجاشعي شاعر الحرمين",المجاشعي شاعر الحرمين,,2,2,7,0.27745,0.295659,0,0.00043,0.00043,2,0.000167,1,0.002987,0,0
"محمد بن علي السويري الظفري أبو الحسن",محمد بن علي السويري الظفري أبو الحسن,,2,2,7,0.247209,0.258667,0,0.000044,0.000044,2,0.000168,1,0.000605,0,0
"محمد بن بحر بن حمد الخيري",محمد بن بحر بن حمد الخيري,,2,2,7,0.27745,0.295659,0,0.00043,0.00043,2,0.000167,1,0.002987,0,0
"الواساني",الواساني,,2,2,7,0.237915,0.248204,0,0.000089,0.000089,9,0.000171,1,0.000592,0,0
"هبة الله بن عبد الله الانصاري أبو الفضائل",هبة الله بن عبد الله الانصاري أبو الفضائل,,2,2,7,0.237915,0.248204,0,0.000089,0.000089,9,0.000171,1,0.000592,0,0
"معد بن منصور أبو تميم",معد بن منصور أبو تميم,,6,6,7,0.267972,0.282021,0,0.000312,0.000312,0,0.000193,1,0.002307,1,1
"النعماني (القاضي)",النعماني (القاضي),,6,6,7,0.267972,0.282021,0,0.000312,0.000312,0,0.000193,1,0.002307,1,1
"المفضل بن محمد الصغاني",المفضل بن محمد الصغاني,,2,2,8,0.182634,0.189238,0,0.000001,0.000001,1,0.000183,1,0.000197,0,0
"نصر بن أحمد أبو ابراهيم",نصر بن أحمد أبو ابراهيم,,2,2,6,0.28383,0.300155,0,0.000694,0.000694,6,0.000166,1,0.002979,0,0
